source_project,term,element,id,name,defn,value,definition_scope,xml_path,evidence_class
pnnl_3ibr,Vbase,param,,Vbase,,345 [kV],G_39_0_1_DYR,/project[@name='3IBR']/definitions/Definition[@name='G_39_0_1_DYR']/schematic[@name='UserCanvas']/User[@name='ETRAN:Electranix_PSSE_Machine']/paramlist/param[@name='Vbase'],verified_from_model_file
pnnl_3ibr,Sbase,param,,SBASE,,100 [MVA],G_39_0_1_DYR,/project[@name='3IBR']/definitions/Definition[@name='G_39_0_1_DYR']/schematic[@name='UserCanvas']/User[@name='ETRAN:Electranix_PSSE_Governors']/paramlist/param[@name='SBASE'],verified_from_model_file
pnnl_3ibr,Vbase,param,,Vbase,,22 [kV],G_30_0_1_DYR,/project[@name='3IBR']/definitions/Definition[@name='G_30_0_1_DYR']/schematic[@name='UserCanvas']/User[@name='ETRAN:Electranix_PSSE_Machine']/paramlist/param[@name='Vbase'],verified_from_model_file
pnnl_3ibr,Sbase,param,,SBASE,,100 [MVA],G_30_0_1_DYR,/project[@name='3IBR']/definitions/Definition[@name='G_30_0_1_DYR']/schematic[@name='UserCanvas']/User[@name='ETRAN:Electranix_PSSE_Governors']/paramlist/param[@name='SBASE'],verified_from_model_file
pnnl_3ibr,Vbase,param,,Vbase,,22 [kV],G_37_0_1_DYR,/project[@name='3IBR']/definitions/Definition[@name='G_37_0_1_DYR']/schematic[@name='UserCanvas']/User[@name='ETRAN:Electranix_PSSE_Machine']/paramlist/param[@name='Vbase'],verified_from_model_file
pnnl_3ibr,Sbase,param,,SBASE,,100 [MVA],G_37_0_1_DYR,/project[@name='3IBR']/definitions/Definition[@name='G_37_0_1_DYR']/schematic[@name='UserCanvas']/User[@name='ETRAN:Electranix_PSSE_Governors']/paramlist/param[@name='SBASE'],verified_from_model_file
pnnl_3ibr,Vbase,param,,Vbase,,22 [kV],G_38_0_1_DYR,/project[@name='3IBR']/definitions/Definition[@name='G_38_0_1_DYR']/schematic[@name='UserCanvas']/User[@name='ETRAN:Electranix_PSSE_Machine']/paramlist/param[@name='Vbase'],verified_from_model_file
pnnl_3ibr,Sbase,param,,SBASE,,100 [MVA],G_38_0_1_DYR,/project[@name='3IBR']/definitions/Definition[@name='G_38_0_1_DYR']/schematic[@name='UserCanvas']/User[@name='ETRAN:Electranix_PSSE_Governors']/paramlist/param[@name='SBASE'],verified_from_model_file
pnnl_3ibr,Vbase,param,,Vbase,,22 [kV],G_31_0_1_DYR,/project[@name='3IBR']/definitions/Definition[@name='G_31_0_1_DYR']/schematic[@name='UserCanvas']/User[@name='ETRAN:Electranix_PSSE_Machine']/paramlist/param[@name='Vbase'],verified_from_model_file
pnnl_3ibr,Sbase,param,,SBASE,,100 [MVA],G_31_0_1_DYR,/project[@name='3IBR']/definitions/Definition[@name='G_31_0_1_DYR']/schematic[@name='UserCanvas']/User[@name='ETRAN:Electranix_PSSE_Governors']/paramlist/param[@name='SBASE'],verified_from_model_file
pnnl_3ibr,Vbase,param,,Vbase,,22 [kV],G_32_0_1_DYR,/project[@name='3IBR']/definitions/Definition[@name='G_32_0_1_DYR']/schematic[@name='UserCanvas']/User[@name='ETRAN:Electranix_PSSE_Machine']/paramlist/param[@name='Vbase'],verified_from_model_file
pnnl_3ibr,Sbase,param,,SBASE,,100 [MVA],G_32_0_1_DYR,/project[@name='3IBR']/definitions/Definition[@name='G_32_0_1_DYR']/schematic[@name='UserCanvas']/User[@name='ETRAN:Electranix_PSSE_Governors']/paramlist/param[@name='SBASE'],verified_from_model_file
pnnl_3ibr,Vbase,param,,Vbase,,22 [kV],G_33_0_1_DYR,/project[@name='3IBR']/definitions/Definition[@name='G_33_0_1_DYR']/schematic[@name='UserCanvas']/User[@name='ETRAN:Electranix_PSSE_Machine']/paramlist/param[@name='Vbase'],verified_from_model_file
pnnl_3ibr,Sbase,param,,SBASE,,100 [MVA],G_33_0_1_DYR,/project[@name='3IBR']/definitions/Definition[@name='G_33_0_1_DYR']/schematic[@name='UserCanvas']/User[@name='ETRAN:Electranix_PSSE_Governors']/paramlist/param[@name='SBASE'],verified_from_model_file
pnnl_3ibr,Vbase,param,,Vbase,,22 [kV],G_34_0_1_DYR,/project[@name='3IBR']/definitions/Definition[@name='G_34_0_1_DYR']/schematic[@name='UserCanvas']/User[@name='ETRAN:Electranix_PSSE_Machine']/paramlist/param[@name='Vbase'],verified_from_model_file
pnnl_3ibr,Sbase,param,,SBASE,,100 [MVA],G_34_0_1_DYR,/project[@name='3IBR']/definitions/Definition[@name='G_34_0_1_DYR']/schematic[@name='UserCanvas']/User[@name='ETRAN:Electranix_PSSE_Governors']/paramlist/param[@name='SBASE'],verified_from_model_file
pnnl_3ibr,Vbase,param,,Vbase,,22 [kV],G_35_0_1_DYR,/project[@name='3IBR']/definitions/Definition[@name='G_35_0_1_DYR']/schematic[@name='UserCanvas']/User[@name='ETRAN:Electranix_PSSE_Machine']/paramlist/param[@name='Vbase'],verified_from_model_file
pnnl_3ibr,Sbase,param,,SBASE,,100 [MVA],G_35_0_1_DYR,/project[@name='3IBR']/definitions/Definition[@name='G_35_0_1_DYR']/schematic[@name='UserCanvas']/User[@name='ETRAN:Electranix_PSSE_Governors']/paramlist/param[@name='SBASE'],verified_from_model_file
pnnl_3ibr,Vbase,param,,Vbase,,22 [kV],G_36_0_1_DYR,/project[@name='3IBR']/definitions/Definition[@name='G_36_0_1_DYR']/schematic[@name='UserCanvas']/User[@name='ETRAN:Electranix_PSSE_Machine']/paramlist/param[@name='Vbase'],verified_from_model_file
pnnl_3ibr,Sbase,param,,SBASE,,100 [MVA],G_36_0_1_DYR,/project[@name='3IBR']/definitions/Definition[@name='G_36_0_1_DYR']/schematic[@name='UserCanvas']/User[@name='ETRAN:Electranix_PSSE_Governors']/paramlist/param[@name='SBASE'],verified_from_model_file
pnnl_3ibr,Vbase,param,,VBase,,1,P3,/project[@name='3IBR']/definitions/Definition[@name='P3']/schematic[@name='UserCanvas']/User[@name='master:nodelabel']/paramlist/param[@name='VBase'],verified_from_model_file
pnnl_3ibr,freq,param,,Freq,,60,P3,/project[@name='3IBR']/definitions/Definition[@name='P3']/schematic[@name='UserCanvas']/Wire[@name='IBR_ConvZ_Modified5:E_1_2_1']/User[@name='3IBR:E_1_2_1']/paramlist/param[@name='Freq'],verified_from_model_file
pnnl_3ibr,Vbase,param,,VBase,,1,P3,/project[@name='3IBR']/definitions/Definition[@name='P3']/schematic[@name='UserCanvas']/User[@name='master:nodelabel']/paramlist/param[@name='VBase'],verified_from_model_file
pnnl_3ibr,freq,param,,Freq,,60,P3,/project[@name='3IBR']/definitions/Definition[@name='P3']/schematic[@name='UserCanvas']/Wire[@name='IBR_ConvZ_Modified5:E_2_3_1']/User[@name='3IBR:E_2_3_1']/paramlist/param[@name='Freq'],verified_from_model_file
pnnl_3ibr,Vbase,param,,VBase,,1,P3,/project[@name='3IBR']/definitions/Definition[@name='P3']/schematic[@name='UserCanvas']/User[@name='master:nodelabel']/paramlist/param[@name='VBase'],verified_from_model_file
pnnl_3ibr,freq,param,,Freq,,60,P3,/project[@name='3IBR']/definitions/Definition[@name='P3']/schematic[@name='UserCanvas']/Wire[@name='IBR_ConvZ_Modified5:E_3_4_1']/User[@name='3IBR:E_3_4_1']/paramlist/param[@name='Freq'],verified_from_model_file
pnnl_3ibr,Vbase,param,,VBase,,1,P3,/project[@name='3IBR']/definitions/Definition[@name='P3']/schematic[@name='UserCanvas']/User[@name='master:nodelabel']/paramlist/param[@name='VBase'],verified_from_model_file
pnnl_3ibr,freq,param,,Freq,,60,P3,/project[@name='3IBR']/definitions/Definition[@name='P3']/schematic[@name='UserCanvas']/Wire[@name='IBR_ConvZ_Modified5:E_4_5_1']/User[@name='3IBR:E_4_5_1']/paramlist/param[@name='Freq'],verified_from_model_file
pnnl_3ibr,Vbase,param,,VBase,,1,P3,/project[@name='3IBR']/definitions/Definition[@name='P3']/schematic[@name='UserCanvas']/User[@name='master:nodelabel']/paramlist/param[@name='VBase'],verified_from_model_file
pnnl_3ibr,freq,param,,Freq,,60,P3,/project[@name='3IBR']/definitions/Definition[@name='P3']/schematic[@name='UserCanvas']/Wire[@name='IBR_ConvZ_Modified5:E_5_8_1']/User[@name='3IBR:E_5_8_1']/paramlist/param[@name='Freq'],verified_from_model_file
pnnl_3ibr,Vbase,param,,VBase,,1,P3,/project[@name='3IBR']/definitions/Definition[@name='P3']/schematic[@name='UserCanvas']/User[@name='master:nodelabel']/paramlist/param[@name='VBase'],verified_from_model_file
pnnl_3ibr,freq,param,,Freq,,60,P3,/project[@name='3IBR']/definitions/Definition[@name='P3']/schematic[@name='UserCanvas']/Wire[@name='IBR_ConvZ_Modified5:E_7_8_1']/User[@name='3IBR:E_7_8_1']/paramlist/param[@name='Freq'],verified_from_model_file
pnnl_3ibr,Vbase,param,,VBase,,1,P3,/project[@name='3IBR']/definitions/Definition[@name='P3']/schematic[@name='UserCanvas']/User[@name='master:nodelabel']/paramlist/param[@name='VBase'],verified_from_model_file
pnnl_3ibr,freq,param,,Freq,,60,P3,/project[@name='3IBR']/definitions/Definition[@name='P3']/schematic[@name='UserCanvas']/Wire[@name='IBR_ConvZ_Modified5:E_6_7_1']/User[@name='3IBR:E_6_7_1']/paramlist/param[@name='Freq'],verified_from_model_file
pnnl_3ibr,Vbase,param,,VBase,,1,P3,/project[@name='3IBR']/definitions/Definition[@name='P3']/schematic[@name='UserCanvas']/User[@name='master:nodelabel']/paramlist/param[@name='VBase'],verified_from_model_file
pnnl_3ibr,freq,param,,Freq,,60,P3,/project[@name='3IBR']/definitions/Definition[@name='P3']/schematic[@name='UserCanvas']/Wire[@name='IBR_ConvZ_Modified5:E_6_11_1']/User[@name='3IBR:E_6_11_1']/paramlist/param[@name='Freq'],verified_from_model_file
pnnl_3ibr,Vbase,param,,VBase,,1,P3,/project[@name='3IBR']/definitions/Definition[@name='P3']/schematic[@name='UserCanvas']/User[@name='master:nodelabel']/paramlist/param[@name='VBase'],verified_from_model_file
pnnl_3ibr,Vbase,param,,VBase,,1,P3,/project[@name='3IBR']/definitions/Definition[@name='P3']/schematic[@name='UserCanvas']/User[@name='master:nodelabel']/paramlist/param[@name='VBase'],verified_from_model_file
pnnl_3ibr,Vbase,param,,VBase,,1,P3,/project[@name='3IBR']/definitions/Definition[@name='P3']/schematic[@name='UserCanvas']/User[@name='master:nodelabel']/paramlist/param[@name='VBase'],verified_from_model_file
pnnl_3ibr,freq,param,,Freq,,60,P3,/project[@name='3IBR']/definitions/Definition[@name='P3']/schematic[@name='UserCanvas']/Wire[@name='IBR_ConvZ_Modified5:E_13_14_1']/User[@name='3IBR:E_13_14_1']/paramlist/param[@name='Freq'],verified_from_model_file
pnnl_3ibr,Vbase,param,,VBase,,1,P3,/project[@name='3IBR']/definitions/Definition[@name='P3']/schematic[@name='UserCanvas']/User[@name='master:nodelabel']/paramlist/param[@name='VBase'],verified_from_model_file
pnnl_3ibr,freq,param,,Freq,,60,P3,/project[@name='3IBR']/definitions/Definition[@name='P3']/schematic[@name='UserCanvas']/Wire[@name='IBR_ConvZ_Modified5:E_14_15_1']/User[@name='3IBR:E_14_15_1']/paramlist/param[@name='Freq'],verified_from_model_file
pnnl_3ibr,Vbase,param,,VBase,,1,P3,/project[@name='3IBR']/definitions/Definition[@name='P3']/schematic[@name='UserCanvas']/User[@name='master:nodelabel']/paramlist/param[@name='VBase'],verified_from_model_file
pnnl_3ibr,freq,param,,Freq,,60,P3,/project[@name='3IBR']/definitions/Definition[@name='P3']/schematic[@name='UserCanvas']/Wire[@name='IBR_ConvZ_Modified5:E_15_16_1']/User[@name='3IBR:E_15_16_1']/paramlist/param[@name='Freq'],verified_from_model_file
pnnl_3ibr,Vbase,param,,VBase,,1,P3,/project[@name='3IBR']/definitions/Definition[@name='P3']/schematic[@name='UserCanvas']/User[@name='master:nodelabel']/paramlist/param[@name='VBase'],verified_from_model_file
pnnl_3ibr,freq,param,,Freq,,60,P3,/project[@name='3IBR']/definitions/Definition[@name='P3']/schematic[@name='UserCanvas']/Wire[@name='IBR_ConvZ_Modified5:E_16_17_1']/User[@name='3IBR:E_16_17_1']/paramlist/param[@name='Freq'],verified_from_model_file
pnnl_3ibr,Vbase,param,,VBase,,1,P3,/project[@name='3IBR']/definitions/Definition[@name='P3']/schematic[@name='UserCanvas']/User[@name='master:nodelabel']/paramlist/param[@name='VBase'],verified_from_model_file
pnnl_3ibr,freq,param,,Freq,,60,P3,/project[@name='3IBR']/definitions/Definition[@name='P3']/schematic[@name='UserCanvas']/Wire[@name='IBR_ConvZ_Modified5:E_17_27_1']/User[@name='3IBR:E_17_27_1']/paramlist/param[@name='Freq'],verified_from_model_file
pnnl_3ibr,Vbase,param,,VBase,,1,P3,/project[@name='3IBR']/definitions/Definition[@name='P3']/schematic[@name='UserCanvas']/User[@name='master:nodelabel']/paramlist/param[@name='VBase'],verified_from_model_file
pnnl_3ibr,freq,param,,Freq,,60,P3,/project[@name='3IBR']/definitions/Definition[@name='P3']/schematic[@name='UserCanvas']/Wire[@name='IBR_ConvZ_Modified5:E_26_27_1']/User[@name='3IBR:E_26_27_1']/paramlist/param[@name='Freq'],verified_from_model_file
pnnl_3ibr,Vbase,param,,VBase,,1,P3,/project[@name='3IBR']/definitions/Definition[@name='P3']/schematic[@name='UserCanvas']/User[@name='master:nodelabel']/paramlist/param[@name='VBase'],verified_from_model_file
pnnl_3ibr,freq,param,,Freq,,60,P3,/project[@name='3IBR']/definitions/Definition[@name='P3']/schematic[@name='UserCanvas']/Wire[@name='IBR_ConvZ_Modified5:E_26_28_1']/User[@name='3IBR:E_26_28_1']/paramlist/param[@name='Freq'],verified_from_model_file
pnnl_3ibr,Vbase,param,,VBase,,1,P3,/project[@name='3IBR']/definitions/Definition[@name='P3']/schematic[@name='UserCanvas']/User[@name='master:nodelabel']/paramlist/param[@name='VBase'],verified_from_model_file
pnnl_3ibr,freq,param,,Freq,,60,P3,/project[@name='3IBR']/definitions/Definition[@name='P3']/schematic[@name='UserCanvas']/Wire[@name='IBR_ConvZ_Modified5:E_28_29_1']/User[@name='3IBR:E_28_29_1']/paramlist/param[@name='Freq'],verified_from_model_file
pnnl_3ibr,Vbase,param,,VBase,,1,P3,/project[@name='3IBR']/definitions/Definition[@name='P3']/schematic[@name='UserCanvas']/User[@name='master:nodelabel']/paramlist/param[@name='VBase'],verified_from_model_file
pnnl_3ibr,Vbase,param,,VBase,,1,P3,/project[@name='3IBR']/definitions/Definition[@name='P3']/schematic[@name='UserCanvas']/User[@name='master:nodelabel']/paramlist/param[@name='VBase'],verified_from_model_file
pnnl_3ibr,freq,param,,Freq,,60,P3,/project[@name='3IBR']/definitions/Definition[@name='P3']/schematic[@name='UserCanvas']/Wire[@name='IBR_ConvZ_Modified5:E_26_29_1']/User[@name='3IBR:E_26_29_1']/paramlist/param[@name='Freq'],verified_from_model_file
pnnl_3ibr,freq,param,,Freq,,60,P3,/project[@name='3IBR']/definitions/Definition[@name='P3']/schematic[@name='UserCanvas']/Wire[@name='IBR_ConvZ_Modified5:E_4_14_1']/User[@name='3IBR:E_4_14_1']/paramlist/param[@name='Freq'],verified_from_model_file
pnnl_3ibr,freq,param,,Freq,,60,P3,/project[@name='3IBR']/definitions/Definition[@name='P3']/schematic[@name='UserCanvas']/Wire[@name='IBR_ConvZ_Modified5:E_25_26_1']/User[@name='3IBR:E_25_26_1']/paramlist/param[@name='Freq'],verified_from_model_file
pnnl_3ibr,Vbase,param,,VBase,,1,P3,/project[@name='3IBR']/definitions/Definition[@name='P3']/schematic[@name='UserCanvas']/User[@name='master:nodelabel']/paramlist/param[@name='VBase'],verified_from_model_file
pnnl_3ibr,Vbase,param,,VBase,,1,P3,/project[@name='3IBR']/definitions/Definition[@name='P3']/schematic[@name='UserCanvas']/User[@name='master:nodelabel']/paramlist/param[@name='VBase'],verified_from_model_file
pnnl_3ibr,freq,param,,Freq,,60,P3,/project[@name='3IBR']/definitions/Definition[@name='P3']/schematic[@name='UserCanvas']/Wire[@name='IBR_ConvZ_Modified5:E_2_25_1']/User[@name='3IBR:E_2_25_1']/paramlist/param[@name='Freq'],verified_from_model_file
pnnl_3ibr,freq,param,,Freq,,60,P3,/project[@name='3IBR']/definitions/Definition[@name='P3']/schematic[@name='UserCanvas']/Wire[@name='IBR_ConvZ_Modified5:E_17_18_1']/User[@name='3IBR:E_17_18_1']/paramlist/param[@name='Freq'],verified_from_model_file
pnnl_3ibr,Vbase,param,,VBase,,1,P3,/project[@name='3IBR']/definitions/Definition[@name='P3']/schematic[@name='UserCanvas']/User[@name='master:nodelabel']/paramlist/param[@name='VBase'],verified_from_model_file
pnnl_3ibr,freq,param,,Freq,,60,P3,/project[@name='3IBR']/definitions/Definition[@name='P3']/schematic[@name='UserCanvas']/Wire[@name='IBR_ConvZ_Modified5:E_3_18_1']/User[@name='3IBR:E_3_18_1']/paramlist/param[@name='Freq'],verified_from_model_file
pnnl_3ibr,freq,param,,Freq,,60,P3,/project[@name='3IBR']/definitions/Definition[@name='P3']/schematic[@name='UserCanvas']/Wire[@name='IBR_ConvZ_Modified5:E_16_19_1']/User[@name='3IBR:E_16_19_1']/paramlist/param[@name='Freq'],verified_from_model_file
pnnl_3ibr,Vbase,param,,VBase,,1,P3,/project[@name='3IBR']/definitions/Definition[@name='P3']/schematic[@name='UserCanvas']/User[@name='master:nodelabel']/paramlist/param[@name='VBase'],verified_from_model_file
pnnl_3ibr,Vbase,param,,VBase,,1,P3,/project[@name='3IBR']/definitions/Definition[@name='P3']/schematic[@name='UserCanvas']/User[@name='master:nodelabel']/paramlist/param[@name='VBase'],verified_from_model_file
pnnl_3ibr,Vbase,param,,VBase,,1,P3,/project[@name='3IBR']/definitions/Definition[@name='P3']/schematic[@name='UserCanvas']/User[@name='master:nodelabel']/paramlist/param[@name='VBase'],verified_from_model_file
pnnl_3ibr,Vbase,param,,VBase,,1,P3,/project[@name='3IBR']/definitions/Definition[@name='P3']/schematic[@name='UserCanvas']/User[@name='master:nodelabel']/paramlist/param[@name='VBase'],verified_from_model_file
pnnl_3ibr,freq,param,,Freq,,60,P3,/project[@name='3IBR']/definitions/Definition[@name='P3']/schematic[@name='UserCanvas']/Wire[@name='IBR_ConvZ_Modified5:E_16_21_1']/User[@name='3IBR:E_16_21_1']/paramlist/param[@name='Freq'],verified_from_model_file
pnnl_3ibr,Vbase,param,,VBase,,1,P3,/project[@name='3IBR']/definitions/Definition[@name='P3']/schematic[@name='UserCanvas']/User[@name='master:nodelabel']/paramlist/param[@name='VBase'],verified_from_model_file
pnnl_3ibr,freq,param,,Freq,,60,P3,/project[@name='3IBR']/definitions/Definition[@name='P3']/schematic[@name='UserCanvas']/Wire[@name='IBR_ConvZ_Modified5:E_21_22_1']/User[@name='3IBR:E_21_22_1']/paramlist/param[@name='Freq'],verified_from_model_file
pnnl_3ibr,Vbase,param,,VBase,,1,P3,/project[@name='3IBR']/definitions/Definition[@name='P3']/schematic[@name='UserCanvas']/User[@name='master:nodelabel']/paramlist/param[@name='VBase'],verified_from_model_file
pnnl_3ibr,freq,param,,Freq,,60,P3,/project[@name='3IBR']/definitions/Definition[@name='P3']/schematic[@name='UserCanvas']/Wire[@name='IBR_ConvZ_Modified5:E_22_23_1']/User[@name='3IBR:E_22_23_1']/paramlist/param[@name='Freq'],verified_from_model_file
pnnl_3ibr,Vbase,param,,VBase,,1,P3,/project[@name='3IBR']/definitions/Definition[@name='P3']/schematic[@name='UserCanvas']/User[@name='master:nodelabel']/paramlist/param[@name='VBase'],verified_from_model_file
pnnl_3ibr,freq,param,,Freq,,60,P3,/project[@name='3IBR']/definitions/Definition[@name='P3']/schematic[@name='UserCanvas']/Wire[@name='IBR_ConvZ_Modified5:E_23_24_1']/User[@name='3IBR:E_23_24_1']/paramlist/param[@name='Freq'],verified_from_model_file
pnnl_3ibr,Vbase,param,,VBase,,1,P3,/project[@name='3IBR']/definitions/Definition[@name='P3']/schematic[@name='UserCanvas']/User[@name='master:nodelabel']/paramlist/param[@name='VBase'],verified_from_model_file
pnnl_3ibr,freq,param,,Freq,,60,P3,/project[@name='3IBR']/definitions/Definition[@name='P3']/schematic[@name='UserCanvas']/Wire[@name='IBR_ConvZ_Modified5:E_16_24_1']/User[@name='3IBR:E_16_24_1']/paramlist/param[@name='Freq'],verified_from_model_file
pnnl_3ibr,Vbase,param,,VBase,,1,P3,/project[@name='3IBR']/definitions/Definition[@name='P3']/schematic[@name='UserCanvas']/User[@name='master:nodelabel']/paramlist/param[@name='VBase'],verified_from_model_file
pnnl_3ibr,Vbase,param,,VBase,,1,P3,/project[@name='3IBR']/definitions/Definition[@name='P3']/schematic[@name='UserCanvas']/User[@name='master:nodelabel']/paramlist/param[@name='VBase'],verified_from_model_file
pnnl_3ibr,Vbase,param,,VBase,,1,P3,/project[@name='3IBR']/definitions/Definition[@name='P3']/schematic[@name='UserCanvas']/User[@name='master:nodelabel']/paramlist/param[@name='VBase'],verified_from_model_file
pnnl_3ibr,Vbase,param,,VBase,,1,P3,/project[@name='3IBR']/definitions/Definition[@name='P3']/schematic[@name='UserCanvas']/User[@name='master:nodelabel']/paramlist/param[@name='VBase'],verified_from_model_file
pnnl_3ibr,Vbase,param,,VBase,,1,P3,/project[@name='3IBR']/definitions/Definition[@name='P3']/schematic[@name='UserCanvas']/User[@name='master:nodelabel']/paramlist/param[@name='VBase'],verified_from_model_file
pnnl_3ibr,freq,param,,Freq,,60,P3,/project[@name='3IBR']/definitions/Definition[@name='P3']/schematic[@name='UserCanvas']/Wire[@name='IBR_ConvZ_Modified5:E_8_9_1']/User[@name='3IBR:E_8_9_1']/paramlist/param[@name='Freq'],verified_from_model_file
pnnl_3ibr,Vbase,param,,VBase,,1,P3,/project[@name='3IBR']/definitions/Definition[@name='P3']/schematic[@name='UserCanvas']/User[@name='master:nodelabel']/paramlist/param[@name='VBase'],verified_from_model_file
pnnl_3ibr,freq,param,,Freq,,60,P3,/project[@name='3IBR']/definitions/Definition[@name='P3']/schematic[@name='UserCanvas']/Wire[@name='IBR_ConvZ_Modified5:E_9_39_1']/User[@name='3IBR:E_9_39_1']/paramlist/param[@name='Freq'],verified_from_model_file
pnnl_3ibr,Vbase,param,,VBase,,1,P3,/project[@name='3IBR']/definitions/Definition[@name='P3']/schematic[@name='UserCanvas']/User[@name='master:nodelabel']/paramlist/param[@name='VBase'],verified_from_model_file
pnnl_3ibr,freq,param,,Freq,,60,P3,/project[@name='3IBR']/definitions/Definition[@name='P3']/schematic[@name='UserCanvas']/Wire[@name='IBR_ConvZ_Modified5:E_1_39_1']/User[@name='3IBR:E_1_39_1']/paramlist/param[@name='Freq'],verified_from_model_file
pnnl_3ibr,Vbase,param,,VBase,,1,P3,/project[@name='3IBR']/definitions/Definition[@name='P3']/schematic[@name='UserCanvas']/User[@name='master:nodelabel']/paramlist/param[@name='VBase'],verified_from_model_file
pnnl_3ibr,freq,param,,Freq,,60.0 [Hz],P3,/project[@name='3IBR']/definitions/Definition[@name='P3']/schematic[@name='UserCanvas']/User[@name='master:multimeter']/paramlist/param[@name='Freq'],verified_from_model_file
pnnl_3ibr,freq,param,,Freq,,60.0 [Hz],P3,/project[@name='3IBR']/definitions/Definition[@name='P3']/schematic[@name='UserCanvas']/User[@name='master:multimeter']/paramlist/param[@name='Freq'],verified_from_model_file
pnnl_3ibr,freq,param,,Freq,,60.0 [Hz],P3,/project[@name='3IBR']/definitions/Definition[@name='P3']/schematic[@name='UserCanvas']/User[@name='master:multimeter']/paramlist/param[@name='Freq'],verified_from_model_file
pnnl_3ibr,freq,param,,Freq,,60.0 [Hz],P3,/project[@name='3IBR']/definitions/Definition[@name='P3']/schematic[@name='UserCanvas']/User[@name='master:multimeter']/paramlist/param[@name='Freq'],verified_from_model_file
pnnl_3ibr,freq,param,,Freq,,60.0 [Hz],P3,/project[@name='3IBR']/definitions/Definition[@name='P3']/schematic[@name='UserCanvas']/User[@name='master:multimeter']/paramlist/param[@name='Freq'],verified_from_model_file
pnnl_3ibr,DBLK,param,,Name,,DBlk,P3,/project[@name='3IBR']/definitions/Definition[@name='P3']/schematic[@name='UserCanvas']/User[@name='master:datalabel']/paramlist/param[@name='Name'],verified_from_model_file
pnnl_3ibr,Dblk,param,,Name,,DBlk,P3,/project[@name='3IBR']/definitions/Definition[@name='P3']/schematic[@name='UserCanvas']/User[@name='master:datalabel']/paramlist/param[@name='Name'],verified_from_model_file
pnnl_3ibr,DBLK,param,,Name,,DBlk,P3,/project[@name='3IBR']/definitions/Definition[@name='P3']/schematic[@name='UserCanvas']/User[@name='master:datalabel']/paramlist/param[@name='Name'],verified_from_model_file
pnnl_3ibr,Dblk,param,,Name,,DBlk,P3,/project[@name='3IBR']/definitions/Definition[@name='P3']/schematic[@name='UserCanvas']/User[@name='master:datalabel']/paramlist/param[@name='Name'],verified_from_model_file
pnnl_3ibr,DBLK,param,,Name,,DBlk,P3,/project[@name='3IBR']/definitions/Definition[@name='P3']/schematic[@name='UserCanvas']/User[@name='master:datalabel']/paramlist/param[@name='Name'],verified_from_model_file
pnnl_3ibr,Dblk,param,,Name,,DBlk,P3,/project[@name='3IBR']/definitions/Definition[@name='P3']/schematic[@name='UserCanvas']/User[@name='master:datalabel']/paramlist/param[@name='Name'],verified_from_model_file
pnnl_3ibr,DBLK,param,,Name,,DBlk,P3,/project[@name='3IBR']/definitions/Definition[@name='P3']/schematic[@name='UserCanvas']/User[@name='master:datalabel']/paramlist/param[@name='Name'],verified_from_model_file
pnnl_3ibr,Dblk,param,,Name,,DBlk,P3,/project[@name='3IBR']/definitions/Definition[@name='P3']/schematic[@name='UserCanvas']/User[@name='master:datalabel']/paramlist/param[@name='Name'],verified_from_model_file
pnnl_3ibr,Sbase,param,,Name,,Sbase,P3,/project[@name='3IBR']/definitions/Definition[@name='P3']/schematic[@name='UserCanvas']/User[@name='master:datalabel']/paramlist/param[@name='Name'],verified_from_model_file
pnnl_3ibr,Sbase,param,,Name,,Sbase,P3,/project[@name='3IBR']/definitions/Definition[@name='P3']/schematic[@name='UserCanvas']/User[@name='master:datalabel']/paramlist/param[@name='Name'],verified_from_model_file
pnnl_3ibr,Sbase,param,,Name,,Sbase,P3,/project[@name='3IBR']/definitions/Definition[@name='P3']/schematic[@name='UserCanvas']/User[@name='master:datalabel']/paramlist/param[@name='Name'],verified_from_model_file
pnnl_3ibr,freq,param,,Freq,,60.0 [Hz],P3,/project[@name='3IBR']/definitions/Definition[@name='P3']/schematic[@name='UserCanvas']/User[@name='master:multimeter']/paramlist/param[@name='Freq'],verified_from_model_file
pnnl_3ibr,freq,param,,Freq,,60.0 [Hz],P3,/project[@name='3IBR']/definitions/Definition[@name='P3']/schematic[@name='UserCanvas']/User[@name='master:multimeter']/paramlist/param[@name='Freq'],verified_from_model_file
pnnl_3ibr,freq,param,,Freq,,60.0 [Hz],P3,/project[@name='3IBR']/definitions/Definition[@name='P3']/schematic[@name='UserCanvas']/User[@name='master:multimeter']/paramlist/param[@name='Freq'],verified_from_model_file
pnnl_3ibr,Pfcmd,param,,Name,,pfcmd,REEC_A_1_2_1_1,/project[@name='3IBR']/definitions/Definition[@name='REEC_A_1_2_1_1']/schematic[@name='UserCanvas']/User[@name='master:import']/paramlist/param[@name='Name'],verified_from_model_file
pnnl_3ibr,Pfcmd,port,,pfcmd,,,REEC_A_1_2_1_1,/project[@name='3IBR']/definitions/Definition[@name='REEC_A_1_2_1_1']/svg/port[@name='pfcmd'],verified_from_model_file
pnnl_3ibr,Pfcmd,text,,,,,REEC_A_1_2_1_1,/project[@name='3IBR']/definitions/Definition[@name='REEC_A_1_2_1_1']/svg/text,verified_from_model_file
pnnl_3ibr,Pfcmd,param,,name,,pfcmd,REEC_A_1_2_1_1,/project[@name='3IBR']/definitions/Definition[@name='REEC_A_1_2_1_1']/graphics/Port[@name='242781139']/paramlist/param[@name='name'],verified_from_model_file
pnnl_3ibr,Pfcmd,param,,text,,pfcmd,REEC_A_1_2_1_1,/project[@name='3IBR']/definitions/Definition[@name='REEC_A_1_2_1_1']/graphics/Gfx[@name='1390378763']/paramlist/param[@name='text'],verified_from_model_file
pnnl_3ibr,freq,param,,Freq,,60,IBR_AVM_2_1_1,/project[@name='3IBR']/definitions/Definition[@name='IBR_AVM_2_1_1']/schematic[@name='UserCanvas']/User[@name='master:multimeter']/paramlist/param[@name='Freq'],verified_from_model_file
pnnl_3ibr,Sbase,param,,Name,,Sbase,IBR_AVM_2_1_1,/project[@name='3IBR']/definitions/Definition[@name='IBR_AVM_2_1_1']/schematic[@name='UserCanvas']/User[@name='master:datalabel']/paramlist/param[@name='Name'],verified_from_model_file
pnnl_3ibr,INV_Vbase,param,,Name,,INV_Vbase,IBR_AVM_2_1_1,/project[@name='3IBR']/definitions/Definition[@name='IBR_AVM_2_1_1']/schematic[@name='UserCanvas']/User[@name='master:datalabel']/paramlist/param[@name='Name'],verified_from_model_file
pnnl_3ibr,INV_Vbase,param,,Name,,INV_Vbase,IBR_AVM_2_1_1,/project[@name='3IBR']/definitions/Definition[@name='IBR_AVM_2_1_1']/schematic[@name='UserCanvas']/User[@name='master:datalabel']/paramlist/param[@name='Name'],verified_from_model_file
pnnl_3ibr,DBLK,param,,Name,,DBLK,IBR_AVM_2_1_1,/project[@name='3IBR']/definitions/Definition[@name='IBR_AVM_2_1_1']/schematic[@name='UserCanvas']/User[@name='master:datalabel']/paramlist/param[@name='Name'],verified_from_model_file
pnnl_3ibr,Dblk,param,,Name,,DBLK,IBR_AVM_2_1_1,/project[@name='3IBR']/definitions/Definition[@name='IBR_AVM_2_1_1']/schematic[@name='UserCanvas']/User[@name='master:datalabel']/paramlist/param[@name='Name'],verified_from_model_file
pnnl_3ibr,Qord,param,,Name,,Qord,IBR_AVM_2_1_1,/project[@name='3IBR']/definitions/Definition[@name='IBR_AVM_2_1_1']/schematic[@name='UserCanvas']/User[@name='master:datalabel']/paramlist/param[@name='Name'],verified_from_model_file
pnnl_3ibr,Pord,param,,Name,,Pord,IBR_AVM_2_1_1,/project[@name='3IBR']/definitions/Definition[@name='IBR_AVM_2_1_1']/schematic[@name='UserCanvas']/User[@name='master:datalabel']/paramlist/param[@name='Name'],verified_from_model_file
pnnl_3ibr,Qord,param,,Name,,Qord,IBR_AVM_2_1_1,/project[@name='3IBR']/definitions/Definition[@name='IBR_AVM_2_1_1']/schematic[@name='UserCanvas']/User[@name='master:pgb']/paramlist/param[@name='Name'],verified_from_model_file
pnnl_3ibr,Pord,param,,Name,,Pord,IBR_AVM_2_1_1,/project[@name='3IBR']/definitions/Definition[@name='IBR_AVM_2_1_1']/schematic[@name='UserCanvas']/User[@name='master:pgb']/paramlist/param[@name='Name'],verified_from_model_file
pnnl_3ibr,INV_Vbase,param,,Name,,INV_Vbase,IBR_AVM_2_1_1,/project[@name='3IBR']/definitions/Definition[@name='IBR_AVM_2_1_1']/schematic[@name='UserCanvas']/User[@name='master:datalabel']/paramlist/param[@name='Name'],verified_from_model_file
pnnl_3ibr,Pini,param,,Name,,Pini,IBR_AVM_2_1_1,/project[@name='3IBR']/definitions/Definition[@name='IBR_AVM_2_1_1']/schematic[@name='UserCanvas']/User[@name='master:datalabel']/paramlist/param[@name='Name'],verified_from_model_file
pnnl_3ibr,Pfcmd,param,,Name,,pfcmd,IBR_AVM_2_1_1,/project[@name='3IBR']/definitions/Definition[@name='IBR_AVM_2_1_1']/schematic[@name='UserCanvas']/User[@name='master:datalabel']/paramlist/param[@name='Name'],verified_from_model_file
pnnl_3ibr,Pord,param,,Name,,Pord,IBR_AVM_2_1_1,/project[@name='3IBR']/definitions/Definition[@name='IBR_AVM_2_1_1']/schematic[@name='UserCanvas']/User[@name='master:datalabel']/paramlist/param[@name='Name'],verified_from_model_file
pnnl_3ibr,Qord,param,,Name,,Qord,IBR_AVM_2_1_1,/project[@name='3IBR']/definitions/Definition[@name='IBR_AVM_2_1_1']/schematic[@name='UserCanvas']/User[@name='master:datalabel']/paramlist/param[@name='Name'],verified_from_model_file
pnnl_3ibr,Sbase,param,,Name,,Sbase,IBR_AVM_2_1_1,/project[@name='3IBR']/definitions/Definition[@name='IBR_AVM_2_1_1']/schematic[@name='UserCanvas']/User[@name='master:datalabel']/paramlist/param[@name='Name'],verified_from_model_file
pnnl_3ibr,Sbase,param,,Name,,Sbase,IBR_AVM_2_1_1,/project[@name='3IBR']/definitions/Definition[@name='IBR_AVM_2_1_1']/schematic[@name='UserCanvas']/User[@name='master:datalabel']/paramlist/param[@name='Name'],verified_from_model_file
pnnl_3ibr,QIBR,param,,Name,,QIBR,IBR_AVM_2_1_1,/project[@name='3IBR']/definitions/Definition[@name='IBR_AVM_2_1_1']/schematic[@name='UserCanvas']/User[@name='649513816']/paramlist/param[@name='Name'],verified_from_model_file
pnnl_3ibr,Pfcmd,param,,Name,,pfcmd,IBR_AVM_2_1_1,/project[@name='3IBR']/definitions/Definition[@name='IBR_AVM_2_1_1']/schematic[@name='UserCanvas']/User[@name='master:datalabel']/paramlist/param[@name='Name'],verified_from_model_file
pnnl_3ibr,Qord,param,,Name,,Qord,IBR_AVM_2_1_1,/project[@name='3IBR']/definitions/Definition[@name='IBR_AVM_2_1_1']/schematic[@name='UserCanvas']/User[@name='master:datalabel']/paramlist/param[@name='Name'],verified_from_model_file
pnnl_3ibr,Pord,param,,Name,,Pord,IBR_AVM_2_1_1,/project[@name='3IBR']/definitions/Definition[@name='IBR_AVM_2_1_1']/schematic[@name='UserCanvas']/User[@name='master:datalabel']/paramlist/param[@name='Name'],verified_from_model_file
pnnl_3ibr,Pini,param,,Name,,Pini,IBR_AVM_2_1_1,/project[@name='3IBR']/definitions/Definition[@name='IBR_AVM_2_1_1']/schematic[@name='UserCanvas']/User[@name='master:datalabel']/paramlist/param[@name='Name'],verified_from_model_file
pnnl_3ibr,Sbase,param,,Name,,Sbase,IBR_AVM_2_1_1,/project[@name='3IBR']/definitions/Definition[@name='IBR_AVM_2_1_1']/schematic[@name='UserCanvas']/User[@name='master:datalabel']/paramlist/param[@name='Name'],verified_from_model_file
pnnl_3ibr,DB,param,,Name,,DB,IBR_AVM_2_1_1,/project[@name='3IBR']/definitions/Definition[@name='IBR_AVM_2_1_1']/schematic[@name='UserCanvas']/User[@name='master:datalabel']/paramlist/param[@name='Name'],verified_from_model_file
pnnl_3ibr,Sbase,param,,Name,,Sbase,IBR_AVM_2_1_1,/project[@name='3IBR']/definitions/Definition[@name='IBR_AVM_2_1_1']/schematic[@name='UserCanvas']/User[@name='master:datalabel']/paramlist/param[@name='Name'],verified_from_model_file
pnnl_3ibr,freq,param,,Freq,,60,IBR_AVM_2_1_1,/project[@name='3IBR']/definitions/Definition[@name='IBR_AVM_2_1_1']/schematic[@name='UserCanvas']/User[@name='master:multimeter']/paramlist/param[@name='Freq'],verified_from_model_file
pnnl_3ibr,freq,param,,Freq,,60,IBR_AVM_2_1_1,/project[@name='3IBR']/definitions/Definition[@name='IBR_AVM_2_1_1']/schematic[@name='UserCanvas']/User[@name='master:multimeter']/paramlist/param[@name='Freq'],verified_from_model_file
pnnl_3ibr,INV_Vbase,param,,Name,,INV_Vbase,IBR_AVM_2_1_1,/project[@name='3IBR']/definitions/Definition[@name='IBR_AVM_2_1_1']/schematic[@name='UserCanvas']/User[@name='master:datalabel']/paramlist/param[@name='Name'],verified_from_model_file
pnnl_3ibr,INV_Vbase,param,,Name,,INV_Vbase,IBR_AVM_2_1_1,/project[@name='3IBR']/definitions/Definition[@name='IBR_AVM_2_1_1']/schematic[@name='UserCanvas']/User[@name='master:datalabel']/paramlist/param[@name='Name'],verified_from_model_file
pnnl_3ibr,Pord,Curve,617696277,Pord,,,IBR_AVM_2_1_1,/project[@name='3IBR']/definitions/Definition[@name='IBR_AVM_2_1_1']/schematic[@name='UserCanvas']/Frame[@name='frame']/Graph[@name='685644745']/Curve[@name='Pord'],verified_from_model_file
pnnl_3ibr,Qord,Curve,1930431474,Qord,,,IBR_AVM_2_1_1,/project[@name='3IBR']/definitions/Definition[@name='IBR_AVM_2_1_1']/schematic[@name='UserCanvas']/Frame[@name='frame']/Graph[@name='685644745']/Curve[@name='Qord'],verified_from_model_file
pnnl_3ibr,Sbase,param,,Name,,Sbase,IBR_AVM_2_1_1,/project[@name='3IBR']/definitions/Definition[@name='IBR_AVM_2_1_1']/schematic[@name='UserCanvas']/User[@name='master:datalabel']/paramlist/param[@name='Name'],verified_from_model_file
pnnl_3ibr,INV_Vbase,param,,Name,,INV_Vbase,IBR_AVM_2_1_1,/project[@name='3IBR']/definitions/Definition[@name='IBR_AVM_2_1_1']/schematic[@name='UserCanvas']/User[@name='master:datalabel']/paramlist/param[@name='Name'],verified_from_model_file
pnnl_3ibr,freq,param,,Freq,,60,IBR_AVM_2_1_1,/project[@name='3IBR']/definitions/Definition[@name='IBR_AVM_2_1_1']/schematic[@name='UserCanvas']/User[@name='master:multimeter']/paramlist/param[@name='Freq'],verified_from_model_file
pnnl_3ibr,freq,param,,Name,,Freq,REPC_A_1,/project[@name='3IBR']/definitions/Definition[@name='REPC_A_1']/schematic[@name='UserCanvas']/User[@name='1119433604']/paramlist/param[@name='Name'],verified_from_model_file
pnnl_3ibr,freq,param,,Name,,Freq,REPC_A_1,/project[@name='3IBR']/definitions/Definition[@name='REPC_A_1']/schematic[@name='UserCanvas']/User[@name='768566266']/paramlist/param[@name='Name'],verified_from_model_file
pnnl_3ibr,freq,param,,Name,,Freq,REPC_A_1,/project[@name='3IBR']/definitions/Definition[@name='REPC_A_1']/schematic[@name='UserCanvas']/User[@name='master:import']/paramlist/param[@name='Name'],verified_from_model_file
pnnl_3ibr,freq,port,,Freq,,,REPC_A_1,/project[@name='3IBR']/definitions/Definition[@name='REPC_A_1']/svg/port[@name='Freq'],verified_from_model_file
pnnl_3ibr,freq,text,,,,,REPC_A_1,/project[@name='3IBR']/definitions/Definition[@name='REPC_A_1']/svg/text,verified_from_model_file
pnnl_3ibr,freq,param,,name,,Freq,REPC_A_1,/project[@name='3IBR']/definitions/Definition[@name='REPC_A_1']/graphics/Port[@name='2095932659']/paramlist/param[@name='name'],verified_from_model_file
pnnl_3ibr,freq,param,,text,,Freq,REPC_A_1,/project[@name='3IBR']/definitions/Definition[@name='REPC_A_1']/graphics/Gfx[@name='634236810']/paramlist/param[@name='text'],verified_from_model_file
