path,kind,field,baseline,current,classification,reason
/project/[paramlist 0 name=Settings]/[param 22 name=revisor param=revisor],attr,value,"24186, 1782734914","24186, 1782737467",nonfunctional_metadata_or_display_change,`revisor` records PSCAD save/revision metadata.
/project/[definitions 2]/[Definition 0 id=1907181818 name=Station classid=StationDefn],attr,date,1782734140,1782734916,nonfunctional_metadata_or_display_change,`date` is a PSCAD definition timestamp or visual stacking/display-order field.
/project/[definitions 2]/[Definition 1 id=1957993466 name=G_39_0_1_DYR classid=UserCmpDefn],attr,date,1782734141,1782734917,nonfunctional_metadata_or_display_change,`date` is a PSCAD definition timestamp or visual stacking/display-order field.
/project/[definitions 2]/[Definition 3 id=1873958631 name=G_37_0_1_DYR classid=UserCmpDefn],attr,date,1782734140,1782734917,nonfunctional_metadata_or_display_change,`date` is a PSCAD definition timestamp or visual stacking/display-order field.
/project/[definitions 2]/[Definition 4 id=248800626 name=G_38_0_1_DYR classid=UserCmpDefn],attr,date,1782734140,1782734917,nonfunctional_metadata_or_display_change,`date` is a PSCAD definition timestamp or visual stacking/display-order field.
/project/[definitions 2]/[Definition 5 id=543694031 name=G_31_0_1_DYR classid=UserCmpDefn],attr,date,1782734141,1782734917,nonfunctional_metadata_or_display_change,`date` is a PSCAD definition timestamp or visual stacking/display-order field.
/project/[definitions 2]/[Definition 6 id=465665610 name=G_32_0_1_DYR classid=UserCmpDefn],attr,date,1782734141,1782734917,nonfunctional_metadata_or_display_change,`date` is a PSCAD definition timestamp or visual stacking/display-order field.
/project/[definitions 2]/[Definition 7 id=2096243536 name=G_33_0_1_DYR classid=UserCmpDefn],attr,date,1782734141,1782734917,nonfunctional_metadata_or_display_change,`date` is a PSCAD definition timestamp or visual stacking/display-order field.
/project/[definitions 2]/[Definition 8 id=416916709 name=G_34_0_1_DYR classid=UserCmpDefn],attr,date,1782734140,1782734917,nonfunctional_metadata_or_display_change,`date` is a PSCAD definition timestamp or visual stacking/display-order field.
/project/[definitions 2]/[Definition 9 id=437664173 name=G_35_0_1_DYR classid=UserCmpDefn],attr,date,1782734141,1782734917,nonfunctional_metadata_or_display_change,`date` is a PSCAD definition timestamp or visual stacking/display-order field.
/project/[definitions 2]/[Definition 10 id=804390380 name=G_36_0_1_DYR classid=UserCmpDefn],attr,date,1782734141,1782734917,nonfunctional_metadata_or_display_change,`date` is a PSCAD definition timestamp or visual stacking/display-order field.
/project/[definitions 2]/[Definition 11 id=1970432053 name=P2 classid=UserCmpDefn],attr,date,1782734140,1782734916,nonfunctional_metadata_or_display_change,`date` is a PSCAD definition timestamp or visual stacking/display-order field.
/project/[definitions 2]/[Definition 12 id=99382095 name=P3 classid=UserCmpDefn],attr,date,1782734140,1782734916,nonfunctional_metadata_or_display_change,`date` is a PSCAD definition timestamp or visual stacking/display-order field.
/project/[definitions 2]/[Definition 12 id=99382095 name=P3 classid=UserCmpDefn]/[schematic 4 classid=UserCanvas]/[User 153 id=4848 name=ETRAN:Electranix_Load defn=ETRAN:Electranix_Load classid=UserCmp],attr,z,110,120,nonfunctional_metadata_or_display_change,`z` is a PSCAD definition timestamp or visual stacking/display-order field.
/project/[definitions 2]/[Definition 12 id=99382095 name=P3 classid=UserCmpDefn]/[schematic 4 classid=UserCanvas]/[User 159 id=949980879 name=3IBR:G_38_0_1_DYR defn=3IBR:G_38_0_1_DYR classid=UserCmp],attr,z,120,110,nonfunctional_metadata_or_display_change,`z` is a PSCAD definition timestamp or visual stacking/display-order field.
/project/[definitions 2]/[Definition 12 id=99382095 name=P3 classid=UserCmpDefn]/[schematic 4 classid=UserCanvas]/[User 245 id=4896 name=master:voltmetergnd defn=master:voltmetergnd classid=UserCmp],attr,z,360,370,nonfunctional_metadata_or_display_change,`z` is a PSCAD definition timestamp or visual stacking/display-order field.
/project/[definitions 2]/[Definition 12 id=99382095 name=P3 classid=UserCmpDefn]/[schematic 4 classid=UserCanvas]/[User 278 id=4917 name=ETRAN:Electranix_Load defn=ETRAN:Electranix_Load classid=UserCmp],attr,z,490,500,nonfunctional_metadata_or_display_change,`z` is a PSCAD definition timestamp or visual stacking/display-order field.
/project/[definitions 2]/[Definition 12 id=99382095 name=P3 classid=UserCmpDefn]/[schematic 4 classid=UserCanvas]/[User 282 id=4919 name=ETRAN:Electranix_Load defn=ETRAN:Electranix_Load classid=UserCmp],attr,z,500,490,nonfunctional_metadata_or_display_change,`z` is a PSCAD definition timestamp or visual stacking/display-order field.
/project/[definitions 2]/[Definition 12 id=99382095 name=P3 classid=UserCmpDefn]/[schematic 4 classid=UserCanvas]/[User 375 id=4963 name=master:voltmetergnd defn=master:voltmetergnd classid=UserCmp],attr,z,370,360,nonfunctional_metadata_or_display_change,`z` is a PSCAD definition timestamp or visual stacking/display-order field.
/project/[definitions 2]/[Definition 12 id=99382095 name=P3 classid=UserCmpDefn]/[schematic 4 classid=UserCanvas]/[User 445 id=2115405417 name=master:pgb defn=master:pgb classid=UserCmp],attr,z,2180,2280,nonfunctional_metadata_or_display_change,`z` is a PSCAD definition timestamp or visual stacking/display-order field.
/project/[definitions 2]/[Definition 12 id=99382095 name=P3 classid=UserCmpDefn]/[schematic 4 classid=UserCanvas]/[User 457 id=814604080 name=master:pgb defn=master:pgb classid=UserCmp],attr,z,2170,2270,nonfunctional_metadata_or_display_change,`z` is a PSCAD definition timestamp or visual stacking/display-order field.
/project/[definitions 2]/[Definition 12 id=99382095 name=P3 classid=UserCmpDefn]/[schematic 4 classid=UserCanvas]/[User 469 id=518740083 name=master:pgb defn=master:pgb classid=UserCmp],attr,z,2160,2260,nonfunctional_metadata_or_display_change,`z` is a PSCAD definition timestamp or visual stacking/display-order field.
/project/[definitions 2]/[Definition 12 id=99382095 name=P3 classid=UserCmpDefn]/[schematic 4 classid=UserCanvas]/[User 488 id=202853855 defn=master:breaker3 classid=UserCmp],attr,z,2190,2290,nonfunctional_metadata_or_display_change,`z` is a PSCAD definition timestamp or visual stacking/display-order field.
/project/[definitions 2]/[Definition 12 id=99382095 name=P3 classid=UserCmpDefn]/[schematic 4 classid=UserCanvas]/[User 512 id=1154924168 name=master:datamerge defn=master:datamerge classid=UserCmp],attr,z,2040,2140,nonfunctional_metadata_or_display_change,`z` is a PSCAD definition timestamp or visual stacking/display-order field.
/project/[definitions 2]/[Definition 12 id=99382095 name=P3 classid=UserCmpDefn]/[schematic 4 classid=UserCanvas]/[User 537 id=2117531585 name=master:datamerge defn=master:datamerge classid=UserCmp],attr,z,1670,1700,nonfunctional_metadata_or_display_change,`z` is a PSCAD definition timestamp or visual stacking/display-order field.
/project/[definitions 2]/[Definition 12 id=99382095 name=P3 classid=UserCmpDefn]/[schematic 4 classid=UserCanvas]/[User 548 id=467612379 name=master:datamerge defn=master:datamerge classid=UserCmp],attr,z,1680,1710,nonfunctional_metadata_or_display_change,`z` is a PSCAD definition timestamp or visual stacking/display-order field.
/project/[definitions 2]/[Definition 12 id=99382095 name=P3 classid=UserCmpDefn]/[schematic 4 classid=UserCanvas]/[User 598 id=1562726451 defn=master:gain classid=UserCmp],attr,z,1930,2030,nonfunctional_metadata_or_display_change,`z` is a PSCAD definition timestamp or visual stacking/display-order field.
/project/[definitions 2]/[Definition 12 id=99382095 name=P3 classid=UserCmpDefn]/[schematic 4 classid=UserCanvas]/[User 599 id=1149810961 defn=master:gain classid=UserCmp],attr,z,1630,1660,nonfunctional_metadata_or_display_change,`z` is a PSCAD definition timestamp or visual stacking/display-order field.
/project/[definitions 2]/[Definition 12 id=99382095 name=P3 classid=UserCmpDefn]/[schematic 4 classid=UserCanvas]/[User 600 id=34039164 defn=master:gain classid=UserCmp],attr,z,1620,1650,nonfunctional_metadata_or_display_change,`z` is a PSCAD definition timestamp or visual stacking/display-order field.
/project/[definitions 2]/[Definition 12 id=99382095 name=P3 classid=UserCmpDefn]/[schematic 4 classid=UserCanvas]/[User 605 id=1619272825 defn=master:gain classid=UserCmp],attr,z,1640,1670,nonfunctional_metadata_or_display_change,`z` is a PSCAD definition timestamp or visual stacking/display-order field.
/project/[definitions 2]/[Definition 12 id=99382095 name=P3 classid=UserCmpDefn]/[schematic 4 classid=UserCanvas]/[User 606 id=1264704691 defn=master:gain classid=UserCmp],attr,z,1650,1680,nonfunctional_metadata_or_display_change,`z` is a PSCAD definition timestamp or visual stacking/display-order field.
/project/[definitions 2]/[Definition 12 id=99382095 name=P3 classid=UserCmpDefn]/[schematic 4 classid=UserCanvas]/[User 607 id=676307009 defn=master:gain classid=UserCmp],attr,z,1990,2090,nonfunctional_metadata_or_display_change,`z` is a PSCAD definition timestamp or visual stacking/display-order field.
/project/[definitions 2]/[Definition 12 id=99382095 name=P3 classid=UserCmpDefn]/[schematic 4 classid=UserCanvas]/[User 612 id=2032703404 name=master:compare defn=master:compare classid=UserCmp],attr,z,1300,1310,nonfunctional_metadata_or_display_change,`z` is a PSCAD definition timestamp or visual stacking/display-order field.
/project/[definitions 2]/[Definition 12 id=99382095 name=P3 classid=UserCmpDefn]/[schematic 4 classid=UserCanvas]/[User 614 id=1936247239 defn=master:unity classid=UserCmp],attr,z,1610,1640,nonfunctional_metadata_or_display_change,`z` is a PSCAD definition timestamp or visual stacking/display-order field.
/project/[definitions 2]/[Definition 12 id=99382095 name=P3 classid=UserCmpDefn]/[schematic 4 classid=UserCanvas]/[User 616 id=1903427114 defn=master:gain classid=UserCmp],attr,z,1470,1480,nonfunctional_metadata_or_display_change,`z` is a PSCAD definition timestamp or visual stacking/display-order field.
/project/[definitions 2]/[Definition 12 id=99382095 name=P3 classid=UserCmpDefn]/[schematic 4 classid=UserCanvas]/[User 619 id=5973097 defn=master:gain classid=UserCmp],attr,z,1460,1470,nonfunctional_metadata_or_display_change,`z` is a PSCAD definition timestamp or visual stacking/display-order field.
/project/[definitions 2]/[Definition 12 id=99382095 name=P3 classid=UserCmpDefn]/[schematic 4 classid=UserCanvas]/[User 625 id=203486352 defn=master:div classid=UserCmp],attr,z,1290,1300,nonfunctional_metadata_or_display_change,`z` is a PSCAD definition timestamp or visual stacking/display-order field.
/project/[definitions 2]/[Definition 12 id=99382095 name=P3 classid=UserCmpDefn]/[schematic 4 classid=UserCanvas]/[User 628 id=1605290937 defn=master:div classid=UserCmp],attr,z,1280,1290,nonfunctional_metadata_or_display_change,`z` is a PSCAD definition timestamp or visual stacking/display-order field.
/project/[definitions 2]/[Definition 12 id=99382095 name=P3 classid=UserCmpDefn]/[schematic 4 classid=UserCanvas]/[User 632 id=1990510816 defn=master:compare classid=UserCmp],attr,z,1320,1330,nonfunctional_metadata_or_display_change,`z` is a PSCAD definition timestamp or visual stacking/display-order field.
/project/[definitions 2]/[Definition 12 id=99382095 name=P3 classid=UserCmpDefn]/[schematic 4 classid=UserCanvas]/[User 731 id=2479722 name=master:pgb defn=master:pgb classid=UserCmp],attr,z,1890,1990,nonfunctional_metadata_or_display_change,`z` is a PSCAD definition timestamp or visual stacking/display-order field.
/project/[definitions 2]/[Definition 12 id=99382095 name=P3 classid=UserCmpDefn]/[schematic 4 classid=UserCanvas]/[User 734 id=1025846643 name=master:pgb defn=master:pgb classid=UserCmp],attr,z,1880,1980,nonfunctional_metadata_or_display_change,`z` is a PSCAD definition timestamp or visual stacking/display-order field.
/project/[definitions 2]/[Definition 12 id=99382095 name=P3 classid=UserCmpDefn]/[schematic 4 classid=UserCanvas]/[User 773 id=220982143 name=master:pgb defn=master:pgb classid=UserCmp],attr,z,790,800,nonfunctional_metadata_or_display_change,`z` is a PSCAD definition timestamp or visual stacking/display-order field.
/project/[definitions 2]/[Definition 12 id=99382095 name=P3 classid=UserCmpDefn]/[schematic 4 classid=UserCanvas]/[User 785 id=1700980851 defn=master:breaker3 classid=UserCmp],attr,z,2090,2190,nonfunctional_metadata_or_display_change,`z` is a PSCAD definition timestamp or visual stacking/display-order field.
/project/[definitions 2]/[Definition 12 id=99382095 name=P3 classid=UserCmpDefn]/[schematic 4 classid=UserCanvas]/[User 792 id=1220231535 name=3IBR:IBR_AVM_2_1_1 defn=3IBR:IBR_AVM_2_1_1 classid=UserCmp],attr,z,1950,2050,nonfunctional_metadata_or_display_change,`z` is a PSCAD definition timestamp or visual stacking/display-order field.
/project/[definitions 2]/[Definition 12 id=99382095 name=P3 classid=UserCmpDefn]/[schematic 4 classid=UserCanvas]/[User 793 id=202861579 name=3IBR:IBR_AVM_2_1_1 defn=3IBR:IBR_AVM_2_1_1 classid=UserCmp],attr,z,1870,1970,nonfunctional_metadata_or_display_change,`z` is a PSCAD definition timestamp or visual stacking/display-order field.
/project/[definitions 2]/[Definition 12 id=99382095 name=P3 classid=UserCmpDefn]/[schematic 4 classid=UserCanvas]/[User 794 id=547246124 name=3IBR:REPC_A_1 defn=3IBR:REPC_A_1 classid=UserCmp],attr,z,1550,1570,nonfunctional_metadata_or_display_change,`z` is a PSCAD definition timestamp or visual stacking/display-order field.
/project/[definitions 2]/[Definition 12 id=99382095 name=P3 classid=UserCmpDefn]/[schematic 4 classid=UserCanvas]/[User 805 id=2147003001 name=Type3WTG_Lib:Type3_WTG_Avg defn=Type3WTG_Lib:Type3_WTG_Avg classid=UserCmp],attr,z,2080,2180,nonfunctional_metadata_or_display_change,`z` is a PSCAD definition timestamp or visual stacking/display-order field.
/project/[definitions 2]/[Definition 12 id=99382095 name=P3 classid=UserCmpDefn]/[schematic 4 classid=UserCanvas]/[User 810 id=808965454 defn=master:ratelimit classid=UserCmp],attr,z,1270,1280,nonfunctional_metadata_or_display_change,`z` is a PSCAD definition timestamp or visual stacking/display-order field.
/project/[definitions 2]/[Definition 12 id=99382095 name=P3 classid=UserCmpDefn]/[schematic 4 classid=UserCanvas]/[User 816 id=1776838349 defn=master:compare classid=UserCmp],attr,z,1250,1260,nonfunctional_metadata_or_display_change,`z` is a PSCAD definition timestamp or visual stacking/display-order field.
/project/[definitions 2]/[Definition 12 id=99382095 name=P3 classid=UserCmpDefn]/[schematic 4 classid=UserCanvas]/[User 819 id=521858026 defn=master:breaker3 classid=UserCmp],attr,z,1500,1510,nonfunctional_metadata_or_display_change,`z` is a PSCAD definition timestamp or visual stacking/display-order field.
/project/[definitions 2]/[Definition 12 id=99382095 name=P3 classid=UserCmpDefn]/[schematic 4 classid=UserCanvas]/[User 827 id=617389359 name=master:pgb defn=master:pgb classid=UserCmp],attr,z,1900,2000,nonfunctional_metadata_or_display_change,`z` is a PSCAD definition timestamp or visual stacking/display-order field.
/project/[definitions 2]/[Definition 12 id=99382095 name=P3 classid=UserCmpDefn]/[schematic 4 classid=UserCanvas]/[User 834 id=510286702 name=master:pgb defn=master:pgb classid=UserCmp],attr,z,2070,2170,nonfunctional_metadata_or_display_change,`z` is a PSCAD definition timestamp or visual stacking/display-order field.
/project/[definitions 2]/[Definition 12 id=99382095 name=P3 classid=UserCmpDefn]/[schematic 4 classid=UserCanvas]/[User 835 id=98290045 name=master:pgb defn=master:pgb classid=UserCmp],attr,z,2030,2130,nonfunctional_metadata_or_display_change,`z` is a PSCAD definition timestamp or visual stacking/display-order field.
/project/[definitions 2]/[Definition 12 id=99382095 name=P3 classid=UserCmpDefn]/[schematic 4 classid=UserCanvas]/[User 838 id=432621999 name=master:pgb defn=master:pgb classid=UserCmp],attr,z,2050,2150,nonfunctional_metadata_or_display_change,`z` is a PSCAD definition timestamp or visual stacking/display-order field.
/project/[definitions 2]/[Definition 12 id=99382095 name=P3 classid=UserCmpDefn]/[schematic 4 classid=UserCanvas]/[User 840 id=1999475398 defn=master:tpflt classid=UserCmp],attr,z,1260,1270,nonfunctional_metadata_or_display_change,`z` is a PSCAD definition timestamp or visual stacking/display-order field.
/project/[definitions 2]/[Definition 12 id=99382095 name=P3 classid=UserCmpDefn]/[schematic 4 classid=UserCanvas]/[User 845 id=943129517 name=master:pgb defn=master:pgb classid=UserCmp],attr,z,2020,2120,nonfunctional_metadata_or_display_change,`z` is a PSCAD definition timestamp or visual stacking/display-order field.
/project/[definitions 2]/[Definition 12 id=99382095 name=P3 classid=UserCmpDefn]/[schematic 4 classid=UserCanvas]/[User 850 id=1430717756 name=master:pgb defn=master:pgb classid=UserCmp],attr,z,2000,2100,nonfunctional_metadata_or_display_change,`z` is a PSCAD definition timestamp or visual stacking/display-order field.
/project/[definitions 2]/[Definition 12 id=99382095 name=P3 classid=UserCmpDefn]/[schematic 4 classid=UserCanvas]/[User 853 id=2018870442 name=master:pgb defn=master:pgb classid=UserCmp],attr,z,1980,2080,nonfunctional_metadata_or_display_change,`z` is a PSCAD definition timestamp or visual stacking/display-order field.
/project/[definitions 2]/[Definition 12 id=99382095 name=P3 classid=UserCmpDefn]/[schematic 4 classid=UserCanvas]/[User 856 id=1563984728 name=master:pgb defn=master:pgb classid=UserCmp],attr,z,1690,1720,nonfunctional_metadata_or_display_change,`z` is a PSCAD definition timestamp or visual stacking/display-order field.
/project/[definitions 2]/[Definition 12 id=99382095 name=P3 classid=UserCmpDefn]/[schematic 4 classid=UserCanvas]/[User 857 id=106456311 defn=master:compare classid=UserCmp],attr,z,1210,1220,nonfunctional_metadata_or_display_change,`z` is a PSCAD definition timestamp or visual stacking/display-order field.
/project/[definitions 2]/[Definition 12 id=99382095 name=P3 classid=UserCmpDefn]/[schematic 4 classid=UserCanvas]/[User 862 id=1377154997 name=master:pgb defn=master:pgb classid=UserCmp],attr,z,2110,2210,nonfunctional_metadata_or_display_change,`z` is a PSCAD definition timestamp or visual stacking/display-order field.
/project/[definitions 2]/[Definition 12 id=99382095 name=P3 classid=UserCmpDefn]/[schematic 4 classid=UserCanvas]/[User 864 id=1552450659 defn=master:compare classid=UserCmp],attr,z,1190,1200,nonfunctional_metadata_or_display_change,`z` is a PSCAD definition timestamp or visual stacking/display-order field.
/project/[definitions 2]/[Definition 12 id=99382095 name=P3 classid=UserCmpDefn]/[schematic 4 classid=UserCanvas]/[User 869 id=1514932 name=master:pgb defn=master:pgb classid=UserCmp],attr,z,2140,2240,nonfunctional_metadata_or_display_change,`z` is a PSCAD definition timestamp or visual stacking/display-order field.
/project/[definitions 2]/[Definition 12 id=99382095 name=P3 classid=UserCmpDefn]/[schematic 4 classid=UserCanvas]/[User 871 id=937376320 defn=master:integral classid=UserCmp],attr,z,1420,1430,nonfunctional_metadata_or_display_change,`z` is a PSCAD definition timestamp or visual stacking/display-order field.
/project/[definitions 2]/[Definition 12 id=99382095 name=P3 classid=UserCmpDefn]/[schematic 4 classid=UserCanvas]/[User 872 id=1849017108 defn=master:compare classid=UserCmp],attr,z,1220,1230,nonfunctional_metadata_or_display_change,`z` is a PSCAD definition timestamp or visual stacking/display-order field.
/project/[definitions 2]/[Definition 12 id=99382095 name=P3 classid=UserCmpDefn]/[schematic 4 classid=UserCanvas]/[User 883 id=52204636 name=master:pgb defn=master:pgb classid=UserCmp],attr,z,2150,2250,nonfunctional_metadata_or_display_change,`z` is a PSCAD definition timestamp or visual stacking/display-order field.
/project/[definitions 2]/[Definition 12 id=99382095 name=P3 classid=UserCmpDefn]/[schematic 4 classid=UserCanvas]/[User 886 id=660219171 name=master:pgb defn=master:pgb classid=UserCmp],attr,z,2100,2200,nonfunctional_metadata_or_display_change,`z` is a PSCAD definition timestamp or visual stacking/display-order field.
/project/[definitions 2]/[Definition 12 id=99382095 name=P3 classid=UserCmpDefn]/[schematic 4 classid=UserCanvas]/[User 889 id=1090750652 defn=master:select classid=UserCmp],attr,z,2120,2220,nonfunctional_metadata_or_display_change,`z` is a PSCAD definition timestamp or visual stacking/display-order field.
/project/[definitions 2]/[Definition 12 id=99382095 name=P3 classid=UserCmpDefn]/[schematic 4 classid=UserCanvas]/[User 890 id=630179828 defn=master:compare classid=UserCmp],attr,z,1200,1210,nonfunctional_metadata_or_display_change,`z` is a PSCAD definition timestamp or visual stacking/display-order field.
/project/[definitions 2]/[Definition 12 id=99382095 name=P3 classid=UserCmpDefn]/[schematic 4 classid=UserCanvas]/[User 893 id=162308087 defn=master:sumjct classid=UserCmp],attr,z,1180,1190,nonfunctional_metadata_or_display_change,`z` is a PSCAD definition timestamp or visual stacking/display-order field.
/project/[definitions 2]/[Definition 12 id=99382095 name=P3 classid=UserCmpDefn]/[schematic 4 classid=UserCanvas]/[User 907 id=268680300 defn=master:select classid=UserCmp],attr,z,2130,2230,nonfunctional_metadata_or_display_change,`z` is a PSCAD definition timestamp or visual stacking/display-order field.
/project/[definitions 2]/[Definition 12 id=99382095 name=P3 classid=UserCmpDefn]/[schematic 4 classid=UserCanvas]/[User 917 id=779069803 defn=master:zminusone classid=UserCmp],attr,z,2200,2300,nonfunctional_metadata_or_display_change,`z` is a PSCAD definition timestamp or visual stacking/display-order field.
/project/[definitions 2]/[Definition 12 id=99382095 name=P3 classid=UserCmpDefn]/[schematic 4 classid=UserCanvas]/[User 927 id=75392006 defn=master:sumjct classid=UserCmp],attr,z,1230,1240,nonfunctional_metadata_or_display_change,`z` is a PSCAD definition timestamp or visual stacking/display-order field.
/project/[definitions 2]/[Definition 12 id=99382095 name=P3 classid=UserCmpDefn]/[schematic 4 classid=UserCanvas]/[User 933 id=697068558 defn=master:hardlimit classid=UserCmp],attr,z,1240,1250,nonfunctional_metadata_or_display_change,`z` is a PSCAD definition timestamp or visual stacking/display-order field.
/project/[definitions 2]/[Definition 12 id=99382095 name=P3 classid=UserCmpDefn]/[schematic 4 classid=UserCanvas]/[User 937 id=855700634 name=master:pgb defn=master:pgb classid=UserCmp],attr,z,2060,2160,nonfunctional_metadata_or_display_change,`z` is a PSCAD definition timestamp or visual stacking/display-order field.
/project/[definitions 2]/[Definition 12 id=99382095 name=P3 classid=UserCmpDefn]/[schematic 4 classid=UserCanvas]/[User 941 id=1751889678 defn=master:compare classid=UserCmp],attr,z,1430,1440,nonfunctional_metadata_or_display_change,`z` is a PSCAD definition timestamp or visual stacking/display-order field.
/project/[definitions 2]/[Definition 12 id=99382095 name=P3 classid=UserCmpDefn]/[schematic 4 classid=UserCanvas]/[User 945 id=1916908883 defn=master:mult classid=UserCmp],attr,z,1440,1450,nonfunctional_metadata_or_display_change,`z` is a PSCAD definition timestamp or visual stacking/display-order field.
/project/[definitions 2]/[Definition 12 id=99382095 name=P3 classid=UserCmpDefn]/[schematic 4 classid=UserCanvas]/[User 951 id=1430029174 name=master:pgb defn=master:pgb classid=UserCmp],attr,z,2010,2110,nonfunctional_metadata_or_display_change,`z` is a PSCAD definition timestamp or visual stacking/display-order field.
/project/[definitions 2]/[Definition 12 id=99382095 name=P3 classid=UserCmpDefn]/[schematic 4 classid=UserCanvas]/[User 955 id=972579505 defn=master:sumjct classid=UserCmp],attr,z,1450,1460,nonfunctional_metadata_or_display_change,`z` is a PSCAD definition timestamp or visual stacking/display-order field.
/project/[definitions 2]/[Definition 12 id=99382095 name=P3 classid=UserCmpDefn]/[schematic 4 classid=UserCanvas]/[User 960 id=648871409 defn=master:hardlimit classid=UserCmp],attr,z,1660,1690,nonfunctional_metadata_or_display_change,`z` is a PSCAD definition timestamp or visual stacking/display-order field.
/project/[definitions 2]/[Definition 12 id=99382095 name=P3 classid=UserCmpDefn]/[schematic 4 classid=UserCanvas]/[User 964 id=932997196 name=master:pgb defn=master:pgb classid=UserCmp],attr,z,1970,2070,nonfunctional_metadata_or_display_change,`z` is a PSCAD definition timestamp or visual stacking/display-order field.
/project/[definitions 2]/[Definition 12 id=99382095 name=P3 classid=UserCmpDefn]/[schematic 4 classid=UserCanvas]/[User 967 id=1752563448 defn=master:compare classid=UserCmp],attr,z,1940,2040,nonfunctional_metadata_or_display_change,`z` is a PSCAD definition timestamp or visual stacking/display-order field.
/project/[definitions 2]/[Definition 12 id=99382095 name=P3 classid=UserCmpDefn]/[schematic 4 classid=UserCanvas]/[User 971 id=269523901 defn=master:select classid=UserCmp],attr,z,1960,2060,nonfunctional_metadata_or_display_change,`z` is a PSCAD definition timestamp or visual stacking/display-order field.
/project/[definitions 2]/[Definition 12 id=99382095 name=P3 classid=UserCmpDefn]/[schematic 4 classid=UserCanvas]/[User 979 id=624732065 defn=master:zminusone classid=UserCmp],attr,z,2210,2310,nonfunctional_metadata_or_display_change,`z` is a PSCAD definition timestamp or visual stacking/display-order field.
/project/[definitions 2]/[Definition 12 id=99382095 name=P3 classid=UserCmpDefn]/[schematic 4 classid=UserCanvas]/[User 986 id=340482924 defn=master:mult classid=UserCmp],attr,z,1310,1320,nonfunctional_metadata_or_display_change,`z` is a PSCAD definition timestamp or visual stacking/display-order field.
/project/[definitions 2]/[Definition 12 id=99382095 name=P3 classid=UserCmpDefn]/[schematic 4 classid=UserCanvas]/[User 995 id=1468401530 name=master:time-sig defn=master:time-sig classid=UserCmp],attr,z,800,790,nonfunctional_metadata_or_display_change,`z` is a PSCAD definition timestamp or visual stacking/display-order field.
/project/[definitions 2]/[Definition 12 id=99382095 name=P3 classid=UserCmpDefn]/[schematic 4 classid=UserCanvas]/[User 999 id=690965932 defn=master:mult classid=UserCmp],attr,z,1910,2010,nonfunctional_metadata_or_display_change,`z` is a PSCAD definition timestamp or visual stacking/display-order field.
/project/[definitions 2]/[Definition 12 id=99382095 name=P3 classid=UserCmpDefn]/[schematic 4 classid=UserCanvas]/[User 1006 id=1757271943 name=master:pgb defn=master:pgb classid=UserCmp],attr,z,1920,2020,nonfunctional_metadata_or_display_change,`z` is a PSCAD definition timestamp or visual stacking/display-order field.
/project/[definitions 2]/[Definition 12 id=99382095 name=P3 classid=UserCmpDefn]/[schematic 4 classid=UserCanvas]/[User 1009 id=193938480 defn=master:gain classid=UserCmp],attr,z,1330,1340,nonfunctional_metadata_or_display_change,`z` is a PSCAD definition timestamp or visual stacking/display-order field.
/project/[definitions 2]/[Definition 12 id=99382095 name=P3 classid=UserCmpDefn]/[schematic 4 classid=UserCanvas]/[User 1013 id=1445655642 name=master:pgb defn=master:pgb classid=UserCmp],attr,z,1860,1960,nonfunctional_metadata_or_display_change,`z` is a PSCAD definition timestamp or visual stacking/display-order field.
/project/[definitions 2]/[Definition 12 id=99382095 name=P3 classid=UserCmpDefn]/[schematic 4 classid=UserCanvas]/[User 1014 id=1717453281 name=master:compare defn=master:compare classid=UserCmp],attr,z,1340,1350,nonfunctional_metadata_or_display_change,`z` is a PSCAD definition timestamp or visual stacking/display-order field.
/project/[definitions 2]/[Definition 12 id=99382095 name=P3 classid=UserCmpDefn]/[schematic 4 classid=UserCanvas]/[User 1024 id=550781248 defn=master:sumjct classid=UserCmp],attr,z,1350,1360,nonfunctional_metadata_or_display_change,`z` is a PSCAD definition timestamp or visual stacking/display-order field.
/project/[definitions 2]/[Definition 12 id=99382095 name=P3 classid=UserCmpDefn]/[schematic 4 classid=UserCanvas]/[User 1027 id=2051828012 defn=master:hardlimit classid=UserCmp],attr,z,1360,1370,nonfunctional_metadata_or_display_change,`z` is a PSCAD definition timestamp or visual stacking/display-order field.
/project/[definitions 2]/[Definition 12 id=99382095 name=P3 classid=UserCmpDefn]/[schematic 4 classid=UserCanvas]/[User 1037 id=793929847 defn=master:gain classid=UserCmp],attr,z,1480,1490,nonfunctional_metadata_or_display_change,`z` is a PSCAD definition timestamp or visual stacking/display-order field.
/project/[definitions 2]/[Definition 12 id=99382095 name=P3 classid=UserCmpDefn]/[schematic 4 classid=UserCanvas]/[User 1042 id=229635092 name=master:pgb defn=master:pgb classid=UserCmp],attr,z,1850,1950,nonfunctional_metadata_or_display_change,`z` is a PSCAD definition timestamp or visual stacking/display-order field.
/project/[definitions 2]/[Definition 12 id=99382095 name=P3 classid=UserCmpDefn]/[schematic 4 classid=UserCanvas]/[User 1045 id=629440993 name=master:compare defn=master:compare classid=UserCmp],attr,z,1370,1380,nonfunctional_metadata_or_display_change,`z` is a PSCAD definition timestamp or visual stacking/display-order field.
/project/[definitions 2]/[Definition 12 id=99382095 name=P3 classid=UserCmpDefn]/[schematic 4 classid=UserCanvas]/[User 1054 id=1012171422 defn=master:mult classid=UserCmp],attr,z,1380,1390,nonfunctional_metadata_or_display_change,`z` is a PSCAD definition timestamp or visual stacking/display-order field.
/project/[definitions 2]/[Definition 12 id=99382095 name=P3 classid=UserCmpDefn]/[schematic 4 classid=UserCanvas]/[User 1059 id=50012677 defn=master:select classid=UserCmp],attr,z,1840,1940,nonfunctional_metadata_or_display_change,`z` is a PSCAD definition timestamp or visual stacking/display-order field.
/project/[definitions 2]/[Definition 12 id=99382095 name=P3 classid=UserCmpDefn]/[schematic 4 classid=UserCanvas]/[User 1061 id=1279278009 defn=master:zminusone classid=UserCmp],attr,z,2220,2320,nonfunctional_metadata_or_display_change,`z` is a PSCAD definition timestamp or visual stacking/display-order field.
/project/[definitions 2]/[Definition 12 id=99382095 name=P3 classid=UserCmpDefn]/[schematic 4 classid=UserCanvas]/[User 1074 id=1309284901 name=master:compare defn=master:compare classid=UserCmp],attr,z,1590,1620,nonfunctional_metadata_or_display_change,`z` is a PSCAD definition timestamp or visual stacking/display-order field.
/project/[definitions 2]/[Definition 12 id=99382095 name=P3 classid=UserCmpDefn]/[schematic 4 classid=UserCanvas]/[User 1078 id=581945794 defn=master:mult classid=UserCmp],attr,z,1600,1630,nonfunctional_metadata_or_display_change,`z` is a PSCAD definition timestamp or visual stacking/display-order field.
/project/[definitions 2]/[Definition 12 id=99382095 name=P3 classid=UserCmpDefn]/[schematic 4 classid=UserCanvas]/[User 1091 id=1516099937 defn=master:zminusone classid=UserCmp],attr,z,2230,2330,nonfunctional_metadata_or_display_change,`z` is a PSCAD definition timestamp or visual stacking/display-order field.
/project/[definitions 2]/[Definition 12 id=99382095 name=P3 classid=UserCmpDefn]/[schematic 4 classid=UserCanvas]/[User 1093 id=895892737 defn=master:select classid=UserCmp],attr,z,1830,1930,nonfunctional_metadata_or_display_change,`z` is a PSCAD definition timestamp or visual stacking/display-order field.
/project/[definitions 2]/[Definition 12 id=99382095 name=P3 classid=UserCmpDefn]/[schematic 4 classid=UserCanvas]/[User 1102 id=1513458835 name=master:compare defn=master:compare classid=UserCmp],attr,z,1390,1400,nonfunctional_metadata_or_display_change,`z` is a PSCAD definition timestamp or visual stacking/display-order field.
/project/[definitions 2]/[Definition 12 id=99382095 name=P3 classid=UserCmpDefn]/[schematic 4 classid=UserCanvas]/[User 1103 id=989995024 name=master:compare defn=master:compare classid=UserCmp],attr,z,1400,1410,nonfunctional_metadata_or_display_change,`z` is a PSCAD definition timestamp or visual stacking/display-order field.
/project/[definitions 2]/[Definition 12 id=99382095 name=P3 classid=UserCmpDefn]/[schematic 4 classid=UserCanvas]/[User 1104 id=843937677 name=master:compare defn=master:compare classid=UserCmp],attr,z,1510,1520,nonfunctional_metadata_or_display_change,`z` is a PSCAD definition timestamp or visual stacking/display-order field.
/project/[definitions 2]/[Definition 12 id=99382095 name=P3 classid=UserCmpDefn]/[schematic 4 classid=UserCanvas]/[User 1122 id=867404024 defn=master:mult classid=UserCmp],attr,z,1490,1500,nonfunctional_metadata_or_display_change,`z` is a PSCAD definition timestamp or visual stacking/display-order field.
/project/[definitions 2]/[Definition 12 id=99382095 name=P3 classid=UserCmpDefn]/[schematic 4 classid=UserCanvas]/[User 1123 id=904446705 defn=master:mult classid=UserCmp],attr,z,1520,1530,nonfunctional_metadata_or_display_change,`z` is a PSCAD definition timestamp or visual stacking/display-order field.
/project/[definitions 2]/[Definition 12 id=99382095 name=P3 classid=UserCmpDefn]/[schematic 4 classid=UserCanvas]/[User 1134 id=1088075104 name=master:compare defn=master:compare classid=UserCmp],attr,z,1530,1550,nonfunctional_metadata_or_display_change,`z` is a PSCAD definition timestamp or visual stacking/display-order field.
/project/[definitions 2]/[Definition 12 id=99382095 name=P3 classid=UserCmpDefn]/[schematic 4 classid=UserCanvas]/[User 1144 id=1693761024 defn=master:sumjct classid=UserCmp],attr,z,1410,1420,nonfunctional_metadata_or_display_change,`z` is a PSCAD definition timestamp or visual stacking/display-order field.
/project/[definitions 2]/[Definition 12 id=99382095 name=P3 classid=UserCmpDefn]/[schematic 4 classid=UserCanvas]/[User 1151 id=1079396455 name=master:pgb defn=master:pgb classid=UserCmp],attr,z,1810,1900,nonfunctional_metadata_or_display_change,`z` is a PSCAD definition timestamp or visual stacking/display-order field.
/project/[definitions 2]/[Definition 12 id=99382095 name=P3 classid=UserCmpDefn]/[schematic 4 classid=UserCanvas]/[User 1152 id=1749856422 name=master:pgb defn=master:pgb classid=UserCmp],attr,z,1790,1870,nonfunctional_metadata_or_display_change,`z` is a PSCAD definition timestamp or visual stacking/display-order field.
/project/[definitions 2]/[Definition 12 id=99382095 name=P3 classid=UserCmpDefn]/[schematic 4 classid=UserCanvas]/[User 1153 id=1251750859 name=master:pgb defn=master:pgb classid=UserCmp],attr,z,1780,1840,nonfunctional_metadata_or_display_change,`z` is a PSCAD definition timestamp or visual stacking/display-order field.
/project/[definitions 2]/[Definition 12 id=99382095 name=P3 classid=UserCmpDefn]/[schematic 4 classid=UserCanvas]/[User 1154 id=1051031339 name=master:pgb defn=master:pgb classid=UserCmp],attr,z,1800,1890,nonfunctional_metadata_or_display_change,`z` is a PSCAD definition timestamp or visual stacking/display-order field.
/project/[definitions 2]/[Definition 12 id=99382095 name=P3 classid=UserCmpDefn]/[schematic 4 classid=UserCanvas]/[User 1155 id=345805582 name=master:pgb defn=master:pgb classid=UserCmp],attr,z,1760,1820,nonfunctional_metadata_or_display_change,`z` is a PSCAD definition timestamp or visual stacking/display-order field.
/project/[definitions 2]/[Definition 12 id=99382095 name=P3 classid=UserCmpDefn]/[schematic 4 classid=UserCanvas]/[User 1156 id=541903365 name=master:pgb defn=master:pgb classid=UserCmp],attr,z,1710,1750,nonfunctional_metadata_or_display_change,`z` is a PSCAD definition timestamp or visual stacking/display-order field.
/project/[definitions 2]/[Definition 12 id=99382095 name=P3 classid=UserCmpDefn]/[schematic 4 classid=UserCanvas]/[User 1179 id=499519695 defn=master:mult classid=UserCmp],attr,z,1560,1590,nonfunctional_metadata_or_display_change,`z` is a PSCAD definition timestamp or visual stacking/display-order field.
/project/[definitions 2]/[Definition 12 id=99382095 name=P3 classid=UserCmpDefn]/[schematic 4 classid=UserCanvas]/[User 1186 id=1044257585 defn=master:select classid=UserCmp],attr,z,1720,1770,nonfunctional_metadata_or_display_change,`z` is a PSCAD definition timestamp or visual stacking/display-order field.
/project/[definitions 2]/[Definition 12 id=99382095 name=P3 classid=UserCmpDefn]/[schematic 4 classid=UserCanvas]/[User 1195 id=783777609 defn=master:zminusone classid=UserCmp],attr,z,2240,2340,nonfunctional_metadata_or_display_change,`z` is a PSCAD definition timestamp or visual stacking/display-order field.
/project/[definitions 2]/[Definition 12 id=99382095 name=P3 classid=UserCmpDefn]/[schematic 4 classid=UserCanvas]/[User 1202 id=561630096 defn=master:gain classid=UserCmp],attr,z,1540,1560,nonfunctional_metadata_or_display_change,`z` is a PSCAD definition timestamp or visual stacking/display-order field.
/project/[definitions 2]/[Definition 12 id=99382095 name=P3 classid=UserCmpDefn]/[schematic 4 classid=UserCanvas]/[User 1205 id=1292486234 defn=master:gain classid=UserCmp],attr,z,1730,1580,nonfunctional_metadata_or_display_change,`z` is a PSCAD definition timestamp or visual stacking/display-order field.
/project/[definitions 2]/[Definition 12 id=99382095 name=P3 classid=UserCmpDefn]/[schematic 4 classid=UserCanvas]/[User 1207 id=630051195 defn=master:gain classid=UserCmp],attr,z,1580,1540,nonfunctional_metadata_or_display_change,`z` is a PSCAD definition timestamp or visual stacking/display-order field.
/project/[definitions 2]/[Definition 12 id=99382095 name=P3 classid=UserCmpDefn]/[schematic 4 classid=UserCanvas]/[User 1209 id=641178034 defn=master:gain classid=UserCmp],attr,z,1570,1610,nonfunctional_metadata_or_display_change,`z` is a PSCAD definition timestamp or visual stacking/display-order field.
/project/[definitions 2]/[Definition 12 id=99382095 name=P3 classid=UserCmpDefn]/[schematic 4 classid=UserCanvas]/[User 1217 id=2044493603 defn=master:gain classid=UserCmp],attr,z,1770,1830,nonfunctional_metadata_or_display_change,`z` is a PSCAD definition timestamp or visual stacking/display-order field.
/project/[definitions 2]/[Definition 12 id=99382095 name=P3 classid=UserCmpDefn]/[schematic 4 classid=UserCanvas]/[User 1225 id=1853294775 defn=master:gain classid=UserCmp],attr,z,1820,1910,nonfunctional_metadata_or_display_change,`z` is a PSCAD definition timestamp or visual stacking/display-order field.
/project/[definitions 2]/[Definition 12 id=99382095 name=P3 classid=UserCmpDefn]/[schematic 4 classid=UserCanvas]/[User 1226 id=59426530 defn=master:gain classid=UserCmp],attr,z,1750,1600,nonfunctional_metadata_or_display_change,`z` is a PSCAD definition timestamp or visual stacking/display-order field.
/project/[definitions 2]/[Definition 12 id=99382095 name=P3 classid=UserCmpDefn]/[schematic 4 classid=UserCanvas]/[User 1228 id=2035673384 defn=master:gain classid=UserCmp],attr,z,1700,1730,nonfunctional_metadata_or_display_change,`z` is a PSCAD definition timestamp or visual stacking/display-order field.
/project/[definitions 2]/[Definition 12 id=99382095 name=P3 classid=UserCmpDefn]/[schematic 4 classid=UserCanvas]/[User 1230 id=12696589 defn=master:gain classid=UserCmp],attr,z,1740,1780,nonfunctional_metadata_or_display_change,`z` is a PSCAD definition timestamp or visual stacking/display-order field.
/project/[definitions 2]/[Definition 12 id=99382095 name=P3 classid=UserCmpDefn]/[schematic 4 classid=UserCanvas]/[User 1233 id=810673841 name=master:pgb defn=master:pgb classid=UserCmp],attr,z,-1,1880,nonfunctional_metadata_or_display_change,`z` is a PSCAD definition timestamp or visual stacking/display-order field.
/project/[definitions 2]/[Definition 12 id=99382095 name=P3 classid=UserCmpDefn]/[schematic 4 classid=UserCanvas]/[User 1234 id=2111023746 name=master:pgb defn=master:pgb classid=UserCmp],attr,z,-1,1760,nonfunctional_metadata_or_display_change,`z` is a PSCAD definition timestamp or visual stacking/display-order field.
/project/[definitions 2]/[Definition 12 id=99382095 name=P3 classid=UserCmpDefn]/[schematic 4 classid=UserCanvas]/[User 1236 id=288637322 name=master:pgb defn=master:pgb classid=UserCmp],attr,z,-1,1860,nonfunctional_metadata_or_display_change,`z` is a PSCAD definition timestamp or visual stacking/display-order field.
/project/[definitions 2]/[Definition 12 id=99382095 name=P3 classid=UserCmpDefn]/[schematic 4 classid=UserCanvas]/[User 1238 id=537095251 name=master:pgb defn=master:pgb classid=UserCmp],attr,z,-1,1810,nonfunctional_metadata_or_display_change,`z` is a PSCAD definition timestamp or visual stacking/display-order field.
/project/[definitions 2]/[Definition 12 id=99382095 name=P3 classid=UserCmpDefn]/[schematic 4 classid=UserCanvas]/[User 1240 id=2133635045 name=master:pgb defn=master:pgb classid=UserCmp],attr,z,-1,1180,nonfunctional_metadata_or_display_change,`z` is a PSCAD definition timestamp or visual stacking/display-order field.
/project/[definitions 2]/[Definition 12 id=99382095 name=P3 classid=UserCmpDefn]/[schematic 4 classid=UserCanvas]/[User 1242 id=1682633210 name=master:pgb defn=master:pgb classid=UserCmp],attr,z,-1,1920,nonfunctional_metadata_or_display_change,`z` is a PSCAD definition timestamp or visual stacking/display-order field.
/project/[definitions 2]/[Definition 12 id=99382095 name=P3 classid=UserCmpDefn]/[schematic 4 classid=UserCanvas]/[User 1244 id=1448433561 name=master:pgb defn=master:pgb classid=UserCmp],attr,z,-1,1800,nonfunctional_metadata_or_display_change,`z` is a PSCAD definition timestamp or visual stacking/display-order field.
/project/[definitions 2]/[Definition 12 id=99382095 name=P3 classid=UserCmpDefn]/[schematic 4 classid=UserCanvas]/[User 1246 id=568013308 name=master:pgb defn=master:pgb classid=UserCmp],attr,z,-1,1850,nonfunctional_metadata_or_display_change,`z` is a PSCAD definition timestamp or visual stacking/display-order field.
/project/[definitions 2]/[Definition 12 id=99382095 name=P3 classid=UserCmpDefn]/[schematic 4 classid=UserCanvas]/[User 1248 id=935760742 name=master:pgb defn=master:pgb classid=UserCmp],attr,z,-1,1740,nonfunctional_metadata_or_display_change,`z` is a PSCAD definition timestamp or visual stacking/display-order field.
/project/[definitions 2]/[Definition 12 id=99382095 name=P3 classid=UserCmpDefn]/[schematic 4 classid=UserCanvas]/[User 1250 id=453162503 name=master:pgb defn=master:pgb classid=UserCmp],attr,z,-1,1790,nonfunctional_metadata_or_display_change,`z` is a PSCAD definition timestamp or visual stacking/display-order field.
/project/[definitions 2]/[Definition 13 id=918512717 name=E_1_2_1 classid=RowDefn],attr,date,1782734163,1782734938,nonfunctional_metadata_or_display_change,`date` is a PSCAD definition timestamp or visual stacking/display-order field.
/project/[definitions 2]/[Definition 14 id=1149345105 name=E_2_3_1 classid=RowDefn],attr,date,1782734163,1782734938,nonfunctional_metadata_or_display_change,`date` is a PSCAD definition timestamp or visual stacking/display-order field.
/project/[definitions 2]/[Definition 15 id=1179828083 name=E_3_4_1 classid=RowDefn],attr,date,1782734163,1782734938,nonfunctional_metadata_or_display_change,`date` is a PSCAD definition timestamp or visual stacking/display-order field.
/project/[definitions 2]/[Definition 16 id=456105455 name=E_4_5_1 classid=RowDefn],attr,date,1782734163,1782734938,nonfunctional_metadata_or_display_change,`date` is a PSCAD definition timestamp or visual stacking/display-order field.
/project/[definitions 2]/[Definition 17 id=1036950295 name=E_5_8_1 classid=RowDefn],attr,date,1782734163,1782734938,nonfunctional_metadata_or_display_change,`date` is a PSCAD definition timestamp or visual stacking/display-order field.
/project/[definitions 2]/[Definition 18 id=491908181 name=E_7_8_1 classid=RowDefn],attr,date,1782734163,1782734938,nonfunctional_metadata_or_display_change,`date` is a PSCAD definition timestamp or visual stacking/display-order field.
/project/[definitions 2]/[Definition 19 id=366741533 name=E_6_7_1 classid=RowDefn],attr,date,1782734163,1782734938,nonfunctional_metadata_or_display_change,`date` is a PSCAD definition timestamp or visual stacking/display-order field.
/project/[definitions 2]/[Definition 20 id=34535717 name=E_6_11_1 classid=RowDefn],attr,date,1782734163,1782734938,nonfunctional_metadata_or_display_change,`date` is a PSCAD definition timestamp or visual stacking/display-order field.
/project/[definitions 2]/[Definition 21 id=1226290901 name=E_13_14_1 classid=RowDefn],attr,date,1782734165,1782734940,nonfunctional_metadata_or_display_change,`date` is a PSCAD definition timestamp or visual stacking/display-order field.
/project/[definitions 2]/[Definition 22 id=1268246004 name=E_14_15_1 classid=RowDefn],attr,date,1782734165,1782734940,nonfunctional_metadata_or_display_change,`date` is a PSCAD definition timestamp or visual stacking/display-order field.
/project/[definitions 2]/[Definition 23 id=1855234595 name=E_15_16_1 classid=RowDefn],attr,date,1782734165,1782734940,nonfunctional_metadata_or_display_change,`date` is a PSCAD definition timestamp or visual stacking/display-order field.
/project/[definitions 2]/[Definition 24 id=1691657307 name=E_16_17_1 classid=RowDefn],attr,date,1782734165,1782734940,nonfunctional_metadata_or_display_change,`date` is a PSCAD definition timestamp or visual stacking/display-order field.
/project/[definitions 2]/[Definition 25 id=891863633 name=E_17_27_1 classid=RowDefn],attr,date,1782734165,1782734940,nonfunctional_metadata_or_display_change,`date` is a PSCAD definition timestamp or visual stacking/display-order field.
/project/[definitions 2]/[Definition 26 id=1146950725 name=E_26_27_1 classid=RowDefn],attr,date,1782734165,1782734940,nonfunctional_metadata_or_display_change,`date` is a PSCAD definition timestamp or visual stacking/display-order field.
/project/[definitions 2]/[Definition 27 id=1452225633 name=E_26_28_1 classid=RowDefn],attr,date,1782734165,1782734940,nonfunctional_metadata_or_display_change,`date` is a PSCAD definition timestamp or visual stacking/display-order field.
/project/[definitions 2]/[Definition 28 id=1201000566 name=E_28_29_1 classid=RowDefn],attr,date,1782734165,1782734940,nonfunctional_metadata_or_display_change,`date` is a PSCAD definition timestamp or visual stacking/display-order field.
/project/[definitions 2]/[Definition 29 id=849456383 name=E_26_29_1 classid=RowDefn],attr,date,1782734167,1782734942,nonfunctional_metadata_or_display_change,`date` is a PSCAD definition timestamp or visual stacking/display-order field.
/project/[definitions 2]/[Definition 30 id=563005147 name=E_4_14_1 classid=RowDefn],attr,date,1782734167,1782734942,nonfunctional_metadata_or_display_change,`date` is a PSCAD definition timestamp or visual stacking/display-order field.
/project/[definitions 2]/[Definition 31 id=675891296 name=E_25_26_1 classid=RowDefn],attr,date,1782734167,1782734942,nonfunctional_metadata_or_display_change,`date` is a PSCAD definition timestamp or visual stacking/display-order field.
/project/[definitions 2]/[Definition 32 id=1717732818 name=E_2_25_1 classid=RowDefn],attr,date,1782734167,1782734942,nonfunctional_metadata_or_display_change,`date` is a PSCAD definition timestamp or visual stacking/display-order field.
/project/[definitions 2]/[Definition 33 id=292929691 name=E_17_18_1 classid=RowDefn],attr,date,1782734167,1782734942,nonfunctional_metadata_or_display_change,`date` is a PSCAD definition timestamp or visual stacking/display-order field.
/project/[definitions 2]/[Definition 34 id=1266788443 name=E_3_18_1 classid=RowDefn],attr,date,1782734167,1782734942,nonfunctional_metadata_or_display_change,`date` is a PSCAD definition timestamp or visual stacking/display-order field.
/project/[definitions 2]/[Definition 35 id=1567979376 name=E_16_19_1 classid=RowDefn],attr,date,1782734167,1782734942,nonfunctional_metadata_or_display_change,`date` is a PSCAD definition timestamp or visual stacking/display-order field.
/project/[definitions 2]/[Definition 36 id=94947983 name=E_16_21_1 classid=RowDefn],attr,date,1782734167,1782734942,nonfunctional_metadata_or_display_change,`date` is a PSCAD definition timestamp or visual stacking/display-order field.
/project/[definitions 2]/[Definition 37 id=2005893177 name=E_21_22_1 classid=RowDefn],attr,date,1782734169,1782734944,nonfunctional_metadata_or_display_change,`date` is a PSCAD definition timestamp or visual stacking/display-order field.
/project/[definitions 2]/[Definition 38 id=1782830709 name=E_22_23_1 classid=RowDefn],attr,date,1782734169,1782734944,nonfunctional_metadata_or_display_change,`date` is a PSCAD definition timestamp or visual stacking/display-order field.
/project/[definitions 2]/[Definition 39 id=1928481624 name=E_23_24_1 classid=RowDefn],attr,date,1782734169,1782734944,nonfunctional_metadata_or_display_change,`date` is a PSCAD definition timestamp or visual stacking/display-order field.
/project/[definitions 2]/[Definition 40 id=925620323 name=E_16_24_1 classid=RowDefn],attr,date,1782734169,1782734944,nonfunctional_metadata_or_display_change,`date` is a PSCAD definition timestamp or visual stacking/display-order field.
/project/[definitions 2]/[Definition 41 id=906627897 name=E_8_9_1 classid=RowDefn],attr,date,1782734169,1782734944,nonfunctional_metadata_or_display_change,`date` is a PSCAD definition timestamp or visual stacking/display-order field.
/project/[definitions 2]/[Definition 42 id=182316705 name=E_9_39_1 classid=RowDefn],attr,date,1782734169,1782734944,nonfunctional_metadata_or_display_change,`date` is a PSCAD definition timestamp or visual stacking/display-order field.
/project/[definitions 2]/[Definition 43 id=299766081 name=E_1_39_1 classid=RowDefn],attr,date,1782734169,1782734944,nonfunctional_metadata_or_display_change,`date` is a PSCAD definition timestamp or visual stacking/display-order field.
/project/[definitions 2]/[Definition 44 id=274950715 name=P1 classid=UserCmpDefn],attr,date,1782734140,1782734916,nonfunctional_metadata_or_display_change,`date` is a PSCAD definition timestamp or visual stacking/display-order field.
/project/[definitions 2]/[Definition 45 id=1222146573 name=Main classid=UserCmpDefn],attr,date,1782734140,1782734916,nonfunctional_metadata_or_display_change,`date` is a PSCAD definition timestamp or visual stacking/display-order field.
/project/[definitions 2]/[Definition 46 id=1376856178 name=REGC_A_1_2_1_1 classid=UserCmpDefn],attr,date,1782734141,1782734918,nonfunctional_metadata_or_display_change,`date` is a PSCAD definition timestamp or visual stacking/display-order field.
/project/[definitions 2]/[Definition 47 id=415888003 name=CurrentLimit_1_2_1_1 classid=UserCmpDefn],attr,date,1782734141,1782734918,nonfunctional_metadata_or_display_change,`date` is a PSCAD definition timestamp or visual stacking/display-order field.
/project/[definitions 2]/[Definition 48 id=1768776414 name=REEC_A_1_2_1_1 classid=UserCmpDefn],attr,date,1782734141,1782734917,nonfunctional_metadata_or_display_change,`date` is a PSCAD definition timestamp or visual stacking/display-order field.
/project/[definitions 2]/[Definition 49 id=772335225 name=IBR_AVM_2_1_1 classid=UserCmpDefn],attr,date,1782734141,1782734917,nonfunctional_metadata_or_display_change,`date` is a PSCAD definition timestamp or visual stacking/display-order field.
/project/[definitions 2]/[Definition 50 id=1539350585 name=REPC_A_1 classid=UserCmpDefn],attr,date,1782734141,1782734917,nonfunctional_metadata_or_display_change,`date` is a PSCAD definition timestamp or visual stacking/display-order field.
/project/[hierarchy 8]/[call 0 name=3IBR:Station]/[call 0 name=3IBR:Main]/[call 0 name=3IBR:P1]/[call 1 name=3IBR:P3]/[call 31 name=3IBR:G_38_0_1_DYR],attr,z,120,110,nonfunctional_metadata_or_display_change,`z` is a PSCAD definition timestamp or visual stacking/display-order field.
/project/[hierarchy 8]/[call 0 name=3IBR:Station]/[call 0 name=3IBR:Main]/[call 0 name=3IBR:P1]/[call 1 name=3IBR:P3]/[call 40 name=3IBR:REPC_A_1],attr,z,1550,1570,nonfunctional_metadata_or_display_change,`z` is a PSCAD definition timestamp or visual stacking/display-order field.
/project/[hierarchy 8]/[call 0 name=3IBR:Station]/[call 0 name=3IBR:Main]/[call 0 name=3IBR:P1]/[call 1 name=3IBR:P3]/[call 41 name=3IBR:IBR_AVM_2_1_1],attr,z,1870,1970,nonfunctional_metadata_or_display_change,`z` is a PSCAD definition timestamp or visual stacking/display-order field.
/project/[hierarchy 8]/[call 0 name=3IBR:Station]/[call 0 name=3IBR:Main]/[call 0 name=3IBR:P1]/[call 1 name=3IBR:P3]/[call 42 name=3IBR:IBR_AVM_2_1_1],attr,z,1950,2050,nonfunctional_metadata_or_display_change,`z` is a PSCAD definition timestamp or visual stacking/display-order field.
/project/[hierarchy 8]/[call 0 name=3IBR:Station]/[call 0 name=3IBR:Main]/[call 0 name=3IBR:P1]/[call 1 name=3IBR:P3]/[call 43 name=Type3WTG_Lib:Type3_WTG_Avg],attr,z,2080,2180,nonfunctional_metadata_or_display_change,`z` is a PSCAD definition timestamp or visual stacking/display-order field.
